step,loss_100,lr,step_per_sec,elapsed_seconds
100,1.2270286,1.01e-05,10.59338,9.4
200,0.9249535,2.01e-05,11.15860,17.9
300,0.4169091,3.01e-05,11.38524,26.3
400,0.3438983,4.01e-05,11.52969,34.7
500,0.3360981,5.01e-05,11.64135,43.0
600,0.3298065,6.01e-05,11.69714,51.3
700,0.3263540,7.01e-05,11.74562,59.6
800,0.3220620,8.01e-05,11.75514,68.1
900,0.3174785,9.01e-05,11.78068,76.4
1000,0.3055622,0.0001001,11.79831,84.8
1100,0.2932155,0.0001101,11.81670,93.1
1200,0.2885523,0.0001201,11.81350,101.6
1300,0.2800805,0.0001301,11.83333,109.9
1400,0.2741388,0.0001401,11.84599,118.2
1500,0.2702064,0.0001501,11.85783,126.5
1600,0.2678870,0.0001601,11.86408,134.9
1700,0.2649828,0.0001701,11.86929,143.2
1800,0.2638279,0.0001801,11.88067,151.5
1900,0.2623922,0.0001901,11.89178,159.8
2000,0.2571177,0.0002,11.89864,168.1
2100,0.2530715,0.0002,11.89950,176.5
2200,0.2464325,0.0002,11.89794,184.9
2300,0.2339816,0.0002,11.89336,193.4
2400,0.2266141,0.0002,11.88799,201.9
2500,0.2218559,0.0002,11.89241,210.2
2600,0.2178907,0.0002,11.89783,218.5
2700,0.2163226,0.0002,11.90445,226.8
2800,0.2141287,0.0002,11.91359,235.0
2900,0.2121409,0.0002,11.92855,243.1
3000,0.2085896,0.0002,11.93658,251.3
3100,0.2109324,0.0002,11.94095,259.6
3200,0.2090363,0.0002,11.95867,267.6
3300,0.2067460,0.0002,11.99872,275.0
3400,0.2056366,0.0002,12.03283,282.6
3500,0.2050333,0.0002,12.02515,291.1
3600,0.2011582,0.0002,12.02465,299.4
3700,0.2018178,0.0002,12.02717,307.6
3800,0.2014994,0.0002,12.02868,315.9
3900,0.2020954,0.0002,12.03037,324.2
4000,0.1984018,0.0002,12.03645,332.3
4100,0.1982507,0.0002,12.04006,340.5
4200,0.1984543,0.0002,12.04157,348.8
4300,0.1995325,0.0002,12.04468,357.0
4400,0.1981636,0.0002,12.04288,365.4
4500,0.1980226,0.0002,12.04232,373.7
4600,0.1981873,0.0002,12.04231,382.0
4700,0.1975522,0.0002,12.04367,390.2
4800,0.1993213,0.0002,12.04423,398.5
4900,0.1934894,0.0002,12.04394,406.8
5000,0.1969681,0.0002,12.04415,415.1
5100,0.1976842,0.0002,12.05024,423.2
5200,0.1952534,0.0002,12.05717,431.3
5300,0.1950995,0.0002,12.05277,439.7
5400,0.1923644,0.0002,12.05442,448.0
5500,0.1940261,0.0002,12.05403,456.3
5600,0.1953329,0.0002,12.05792,464.4
5700,0.1935769,0.0002,12.05968,472.6
5800,0.1936055,0.0002,12.05800,481.0
5900,0.1932370,0.0002,12.05846,489.3
6000,0.1938543,0.0002,12.05916,497.5
6100,0.1922534,0.0002,12.05817,505.9
6200,0.1911731,0.0002,12.05844,514.2
6300,0.1912935,0.0002,12.05827,522.5
6400,0.1913320,0.0002,12.05932,530.7
6500,0.1928663,0.0002,12.06026,539.0
6600,0.1915233,0.0002,12.06072,547.2
6700,0.1905023,0.0002,12.06143,555.5
6800,0.1934343,0.0002,12.05943,563.9
6900,0.1898781,0.0002,12.05943,572.2
7000,0.1886435,0.0002,12.06014,580.4
7100,0.1898001,0.0002,12.05774,588.8
7200,0.1886411,0.0002,12.05493,597.3
7300,0.1893779,0.0002,12.05614,605.5
7400,0.1883352,0.0002,12.05741,613.7
7500,0.1923718,0.0002,12.05838,622.0
7600,0.1928540,0.0002,12.05949,630.2
7700,0.1894536,0.0002,12.05919,638.5
7800,0.1890797,0.0002,12.06038,646.7
7900,0.1893802,0.0002,12.05887,655.1
8000,0.1892320,0.0002,12.05904,663.4
8100,0.1876509,0.0002,12.05849,671.7
8200,0.1877309,0.0002,12.06027,679.9
8300,0.1874222,0.0002,12.06130,688.2
8400,0.1898234,0.0002,12.06431,696.3
8500,0.1884033,0.0002,12.06792,704.3
8600,0.1877823,0.0002,12.06804,712.6
8700,0.1891628,0.0002,12.07003,720.8
8800,0.1861711,0.0002,12.07176,729.0
8900,0.1875472,0.0002,12.07279,737.2
9000,0.1884729,0.0002,12.07331,745.4
9100,0.1863559,0.0002,12.07505,753.6
9200,0.1886219,0.0002,12.07483,761.9
9300,0.1848681,0.0002,12.07615,770.1
9400,0.1877757,0.0002,12.07567,778.4
9500,0.1875128,0.0002,12.07280,786.9
9600,0.1857545,0.0002,12.07048,795.3
9700,0.1871636,0.0002,12.07338,803.4
9800,0.1865943,0.0002,12.07068,811.9
9900,0.1893946,0.0002,12.06846,820.3
10000,0.1867280,0.0002,12.06597,828.8
10100,0.1842400,0.0002,12.04623,838.4
10200,0.1842718,0.0002,12.04627,846.7
10300,0.1874004,0.0002,12.04666,855.0
10400,0.1867443,0.0002,12.04730,863.3
10500,0.1884936,0.0002,12.04690,871.6
10600,0.1871051,0.0002,12.04809,879.8
10700,0.1856913,0.0002,12.04812,888.1
10800,0.1843203,0.0002,12.04849,896.4
10900,0.1865727,0.0002,12.04638,904.8
11000,0.1879991,0.0002,12.04407,913.3
11100,0.1851797,0.0002,12.04570,921.5
11200,0.1864690,0.0002,12.04706,929.7
11300,0.1860449,0.0002,12.04648,938.0
11400,0.1855645,0.0002,12.04619,946.4
11500,0.1870129,0.0002,12.04634,954.6
11600,0.1854125,0.0002,12.04627,963.0
11700,0.1860224,0.0002,12.04579,971.3
11800,0.1870152,0.0002,12.04415,979.7
11900,0.1858060,0.0002,12.04230,988.2
12000,0.1854812,0.0002,12.04152,996.6
12100,0.1888736,0.0002,12.04161,1004.8
12200,0.1882254,0.0002,12.04407,1012.9
12300,0.1872844,0.0002,12.04371,1021.3
12400,0.1871330,0.0002,12.04297,1029.6
12500,0.1852391,0.0002,12.04509,1037.8
12600,0.1861234,0.0002,12.04520,1046.1
12700,0.1847767,0.0002,12.04557,1054.3
12800,0.1860658,0.0002,12.04631,1062.6
12900,0.1849755,0.0002,12.04667,1070.8
13000,0.1835362,0.0002,12.04785,1079.0
13100,0.1864189,0.0002,12.04799,1087.3
13200,0.1826481,0.0002,12.04859,1095.6
13300,0.1824334,0.0002,12.04861,1103.9
13400,0.1852428,0.0002,12.04844,1112.2
13500,0.1838639,0.0002,12.04794,1120.5
13600,0.1867719,0.0002,12.04739,1128.9
13700,0.1865826,0.0002,12.04809,1137.1
13800,0.1846236,0.0002,12.04666,1145.5
13900,0.1817607,0.0002,11.98489,1159.8
14000,0.1851675,0.0002,11.91087,1175.4
14100,0.1832617,0.0002,11.83862,1191.0
14200,0.1837795,0.0002,11.82655,1200.7
14300,0.1842911,0.0002,11.82885,1208.9
14400,0.1865155,0.0002,11.83045,1217.2
14500,0.1839555,0.0002,11.83221,1225.5
14600,0.1837735,0.0002,11.83315,1233.8
14700,0.1848250,0.0002,11.83474,1242.1
14800,0.1825874,0.0002,11.83586,1250.4
14900,0.1840221,0.0002,11.83686,1258.8
15000,0.1840433,0.0002,11.83834,1267.1
15100,0.1824736,0.0002,11.84004,1275.3
15200,0.1860211,0.0002,11.84159,1283.6
15300,0.1833203,0.0002,11.84272,1291.9
15400,0.1834255,0.0002,11.84395,1300.2
15500,0.1836443,0.0002,11.84495,1308.6
15600,0.1851931,0.0002,11.84650,1316.8
15700,0.1840772,0.0002,11.84914,1325.0
15800,0.1852485,0.0002,11.85040,1333.3
15900,0.1832478,0.0002,11.85093,1341.7
16000,0.1841597,0.0002,11.85068,1350.1
16100,0.1841903,0.0002,11.85053,1358.6
16200,0.1833763,0.0002,11.85136,1366.9
16300,0.1840811,0.0002,11.85338,1375.1
16400,0.1828229,0.0002,11.85411,1383.5
16500,0.1854315,0.0002,11.85471,1391.9
16600,0.1820424,0.0002,11.85531,1400.2
16700,0.1815787,0.0002,11.85520,1408.7
16800,0.1802831,0.0002,11.85702,1416.9
16900,0.1833238,0.0002,11.85751,1425.3
17000,0.1828129,0.0002,11.85860,1433.6
17100,0.1819106,0.0002,11.85958,1441.9
17200,0.1837006,0.0002,11.86031,1450.2
17300,0.1819367,0.0002,11.86150,1458.5
17400,0.1828053,0.0002,11.82365,1471.6
17500,0.1830735,0.0002,11.76705,1487.2
17600,0.1838603,0.0002,11.71150,1502.8
17700,0.1825908,0.0002,11.67083,1516.6
17800,0.1828994,0.0002,11.63142,1530.3
17900,0.1812131,0.0002,11.57850,1546.0
18000,0.1825405,0.0002,11.52635,1561.6
18100,0.1849119,0.0002,11.47558,1577.3
18200,0.1838856,0.0002,11.42568,1592.9
18300,0.1848158,0.0002,11.37692,1608.5
18400,0.1813332,0.0002,11.33452,1623.4
18500,0.1846489,0.0002,11.29888,1637.3
18600,0.1785494,0.0002,11.25243,1653.0
18700,0.1824261,0.0002,11.20680,1668.6
18800,0.1836893,0.0002,11.16196,1684.3
18900,0.1857351,0.0002,11.11810,1699.9
19000,0.1792450,0.0002,11.07518,1715.5
19100,0.1818114,0.0002,11.03291,1731.2
19200,0.1842269,0.0002,10.99131,1746.8
19300,0.1834114,0.0002,10.95046,1762.5
19400,0.1820968,0.0002,10.91038,1778.1
19500,0.1813551,0.0002,10.87096,1793.8
19600,0.1824609,0.0002,10.83210,1809.4
19700,0.1830287,0.0002,10.79400,1825.1
19800,0.1807720,0.0002,10.75660,1840.7
19900,0.1806600,0.0002,10.71990,1856.4
20000,0.1821111,0.0002,10.68901,1871.1
20100,0.1823475,0.0002,10.65443,1886.5
20200,0.1823052,0.0002,10.61912,1902.2
20300,0.1809606,0.0002,10.58432,1917.9
20400,0.1832368,0.0002,10.55002,1933.6
20500,0.1811270,0.0002,10.51642,1949.3
20600,0.1843651,0.0002,10.48342,1965.0
20700,0.1791447,0.0002,10.45090,1980.7
20800,0.1816643,0.0002,10.41886,1996.4
20900,0.1841203,0.0002,10.38730,2012.1
21000,0.1830604,0.0002,10.35634,2027.7
21100,0.1827014,0.0002,10.32552,2043.5
21200,0.1807126,0.0002,10.29563,2059.1
21300,0.1810441,0.0002,10.26593,2074.8
21400,0.1804713,0.0002,10.23673,2090.5
21500,0.1822862,0.0002,10.20798,2106.2
21600,0.1814328,0.0002,10.17971,2121.9
21700,0.1820489,0.0002,10.15181,2137.6
21800,0.1820312,0.0002,10.12421,2153.3
21900,0.1819261,0.0002,10.09699,2169.0
22000,0.1794516,0.0002,10.07022,2184.7
22100,0.1829020,0.0002,10.04388,2200.3
22200,0.1801134,0.0002,10.01794,2216.0
22300,0.1821172,0.0002,9.99239,2231.7
22400,0.1826381,0.0002,9.96711,2247.4
22500,0.1806858,0.0002,9.94223,2263.1
22600,0.1811231,0.0002,9.91768,2278.8
22700,0.1806650,0.0002,9.89315,2294.5
22800,0.1812834,0.0002,9.86924,2310.2
22900,0.1834118,0.0002,9.84563,2325.9
23000,0.1771537,0.0002,9.82235,2341.6
23100,0.1825201,0.0002,9.80478,2356.0
23200,0.1824643,0.0002,9.78770,2370.3
23300,0.1802957,0.0002,9.76518,2386.0
23400,0.1804812,0.0002,9.74300,2401.7
23500,0.1791604,0.0002,9.72097,2417.5
23600,0.1800269,0.0002,9.69937,2433.1
23700,0.1815678,0.0002,9.67801,2448.9
23800,0.1838898,0.0002,9.65695,2464.5
23900,0.1814831,0.0002,9.63641,2480.2
24000,0.1828214,0.0002,9.61585,2495.9
24100,0.1818656,0.0002,9.59558,2511.6
24200,0.1834673,0.0002,9.57555,2527.3
24300,0.1801170,0.0002,9.55552,2543.0
24400,0.1833635,0.0002,9.53590,2558.8
24500,0.1788309,0.0002,9.51655,2574.5
24600,0.1801600,0.0002,9.49745,2590.2
24700,0.1799790,0.0002,9.47858,2605.9
24800,0.1822767,0.0002,9.45992,2621.6
24900,0.1807027,0.0002,9.44157,2637.3
25000,0.1794061,0.0002,9.42316,2653.0
25100,0.1817731,0.0002,9.40517,2668.7
25200,0.1835811,0.0002,9.38736,2684.5
25300,0.1791083,0.0002,9.36974,2700.2
25400,0.1836408,0.0002,9.35237,2715.9
25500,0.1827356,0.0002,9.33522,2731.6
25600,0.1809876,0.0002,9.31823,2747.3
25700,0.1801800,0.0002,9.30149,2763.0
25800,0.1803678,0.0002,9.28485,2778.7
25900,0.1786436,0.0002,9.26846,2794.4
26000,0.1826125,0.0002,9.25225,2810.1
26100,0.1836065,0.0002,9.23640,2825.8
26200,0.1826891,0.0002,9.22060,2841.5
26300,0.1824801,0.0002,9.20497,2857.2
26400,0.1810924,0.0002,9.18952,2872.8
26500,0.1814672,0.0002,9.17428,2888.5
26600,0.1793976,0.0002,9.15902,2904.2
26700,0.1823692,0.0002,9.14403,2919.9
26800,0.1795027,0.0002,9.12919,2935.6
26900,0.1805052,0.0002,9.11453,2951.3
27000,0.1807130,0.0002,9.09999,2967.0
27100,0.1818293,0.0002,9.08558,2982.7
27200,0.1783823,0.0002,9.07136,2998.4
27300,0.1814287,0.0002,9.05727,3014.2
27400,0.1822294,0.0002,9.04323,3029.9
27500,0.1822260,0.0002,9.02942,3045.6
27600,0.1800345,0.0002,9.01585,3061.3
27700,0.1789977,0.0002,9.00233,3077.0
27800,0.1804580,0.0002,8.98895,3092.7
27900,0.1804420,0.0002,8.97571,3108.4
28000,0.1811860,0.0002,8.96279,3124.0
28100,0.1810825,0.0002,8.94997,3139.7
28200,0.1803699,0.0002,8.93729,3155.3
28300,0.1792715,0.0002,8.92472,3171.0
28400,0.1792225,0.0002,8.91226,3186.6
28500,0.1812680,0.0002,8.89987,3202.3
28600,0.1783238,0.0002,8.88758,3218.0
28700,0.1801969,0.0002,8.87579,3233.5
28800,0.1792757,0.0002,8.86375,3249.2
28900,0.1822100,0.0002,8.85169,3264.9
29000,0.1804905,0.0002,8.83980,3280.6
29100,0.1804302,0.0002,8.82801,3296.3
29200,0.1782551,0.0002,8.81635,3312.0
29300,0.1772310,0.0002,8.80484,3327.7
29400,0.1815437,0.0002,8.79349,3343.4
29500,0.1802928,0.0002,8.78222,3359.1
29600,0.1788954,0.0002,8.77099,3374.8
29700,0.1802114,0.0002,8.75981,3390.5
29800,0.1819097,0.0002,8.74890,3406.1
29900,0.1809275,0.0002,8.73807,3421.8
30000,0.1815575,0.0002,8.72747,3437.4
30100,0.1795532,0.0002,8.71346,3454.4
30200,0.1800971,0.0002,8.70293,3470.1
30300,0.1791341,0.0002,8.69246,3485.8
30400,0.1798140,0.0002,8.68241,3501.3
30500,0.1797340,0.0002,8.67240,3516.9
30600,0.1796224,0.0002,8.66365,3532.0
30700,0.1815024,0.0002,8.65671,3546.4
30800,0.1783289,0.0002,8.66199,3555.8
30900,0.1789002,0.0002,8.66970,3564.1
31000,0.1809653,0.0002,8.67760,3572.4
31100,0.1774538,0.0002,8.68562,3580.6
31200,0.1805425,0.0002,8.69332,3589.0
31300,0.1785362,0.0002,8.70094,3597.3
31400,0.1810633,0.0002,8.70872,3605.6
31500,0.1773584,0.0002,8.71624,3613.9
31600,0.1784700,0.0002,8.72378,3622.3
31700,0.1767212,0.0002,8.73130,3630.6
31800,0.1792078,0.0002,8.73880,3638.9
31900,0.1817208,0.0002,8.74651,3647.2
32000,0.1815790,0.0002,8.75397,3655.5
32100,0.1814891,0.0002,8.76146,3663.8
32200,0.1788326,0.0002,8.76884,3672.1
32300,0.1801888,0.0002,8.77624,3680.4
32400,0.1789427,0.0002,8.78356,3688.7
32500,0.1813348,0.0002,8.79084,3697.0
32600,0.1790362,0.0002,8.79841,3705.2
32700,0.1805187,0.0002,8.80551,3713.6
32800,0.1788277,0.0002,8.81260,3721.9
32900,0.1765080,0.0002,8.81967,3730.3
33000,0.1809247,0.0002,8.82704,3738.5
33100,0.1792926,0.0002,8.83391,3746.9
33200,0.1797028,0.0002,8.84097,3755.2
33300,0.1794401,0.0002,8.84809,3763.5
33400,0.1786143,0.0002,8.85486,3771.9
33500,0.1782784,0.0002,8.86182,3780.3
33600,0.1823931,0.0002,8.86850,3788.7
33700,0.1812604,0.0002,8.87531,3797.0
33800,0.1816231,0.0002,8.88213,3805.4
33900,0.1802842,0.0002,8.88900,3813.7
34000,0.1785172,0.0002,8.89565,3822.1
34100,0.1799043,0.0002,8.90227,3830.5
34200,0.1803110,0.0002,8.90905,3838.8
34300,0.1813594,0.0002,8.91587,3847.1
34400,0.1803343,0.0002,8.92242,3855.5
34500,0.1798192,0.0002,8.92920,3863.7
34600,0.1782072,0.0002,8.93579,3872.1
34700,0.1783140,0.0002,8.94226,3880.4
34800,0.1797942,0.0002,8.94902,3888.7
34900,0.1802031,0.0002,8.95556,3897.0
35000,0.1792466,0.0002,8.96195,3905.4
35100,0.1803645,0.0002,8.96855,3913.7
35200,0.1800382,0.0002,8.97502,3922.0
35300,0.1779936,0.0002,8.98140,3930.3
35400,0.1789048,0.0002,8.98771,3938.7
35500,0.1791473,0.0002,8.99411,3947.0
35600,0.1805716,0.0002,9.00053,3955.3
35700,0.1780633,0.0002,9.00700,3963.6
35800,0.1816288,0.0002,9.01345,3971.8
35900,0.1778115,0.0002,9.01980,3980.1
36000,0.1775046,0.0002,9.02601,3988.5
36100,0.1785319,0.0002,9.03218,3996.8
36200,0.1805191,0.0002,9.03850,4005.1
36300,0.1791435,0.0002,9.04454,4013.5
36400,0.1803245,0.0002,9.05068,4021.8
36500,0.1782757,0.0002,9.05681,4030.1
36600,0.1793846,0.0002,9.06278,4038.5
36700,0.1797720,0.0002,9.06887,4046.8
36800,0.1800455,0.0002,9.07483,4055.2
36900,0.1784054,0.0002,9.08091,4063.5
37000,0.1803597,0.0002,9.08689,4071.8
37100,0.1797148,0.0002,9.09297,4080.1
37200,0.1813038,0.0002,9.09896,4088.4
37300,0.1793787,0.0002,9.10485,4096.7
37400,0.1792846,0.0002,9.11079,4105.0
37500,0.1800122,0.0002,9.11653,4113.4
37600,0.1788310,0.0002,9.12241,4121.7
37700,0.1774853,0.0002,9.12823,4130.0
37800,0.1796408,0.0002,9.13409,4138.3
37900,0.1788280,0.0002,9.13986,4146.7
38000,0.1810937,0.0002,9.14594,4154.9
38100,0.1778094,0.0002,9.15172,4163.2
38200,0.1771953,0.0002,9.15755,4171.4
38300,0.1795089,0.0002,9.16331,4179.7
38400,0.1774988,0.0002,9.16928,4187.9
38500,0.1791611,0.0002,9.17489,4196.2
38600,0.1766906,0.0002,9.18045,4204.6
38700,0.1784874,0.0002,9.18600,4212.9
38800,0.1776350,0.0002,9.19149,4221.3
38900,0.1784972,0.0002,9.19713,4229.6
39000,0.1787492,0.0002,9.20275,4237.9
39100,0.1799632,0.0002,9.20816,4246.2
39200,0.1796869,0.0002,9.21369,4254.5
39300,0.1795804,0.0002,9.21912,4262.9
39400,0.1800125,0.0002,9.22468,4271.2
39500,0.1778514,0.0002,9.23002,4279.5
39600,0.1768777,0.0002,9.23556,4287.8
39700,0.1782718,0.0002,9.24091,4296.1
39800,0.1800022,0.0002,9.24630,4304.4
39900,0.1759266,0.0002,9.25135,4312.9
40000,0.1815891,0.0002,9.25661,4321.2
40100,0.1799499,0.0002,9.25888,4331.0
40200,0.1783089,0.0002,9.26415,4339.3
40300,0.1812482,0.0002,9.26938,4347.6
40400,0.1818648,0.0002,9.27452,4356.0
40500,0.1770187,0.0002,9.27975,4364.3
40600,0.1780238,0.0002,9.28493,4372.7
40700,0.1770024,0.0002,9.29020,4381.0
40800,0.1767424,0.0002,9.29542,4389.3
40900,0.1765625,0.0002,9.30068,4397.5
41000,0.1792766,0.0002,9.30579,4405.9
41100,0.1794826,0.0002,9.31093,4414.2
41200,0.1787667,0.0002,9.31608,4422.5
41300,0.1772325,0.0002,9.32115,4430.8
41400,0.1807476,0.0002,9.32607,4439.2
41500,0.1767627,0.0002,9.33113,4447.5
41600,0.1791891,0.0002,9.33608,4455.8
41700,0.1817887,0.0002,9.34123,4464.1
41800,0.1782015,0.0002,9.34640,4472.3
41900,0.1803279,0.0002,9.35157,4480.5
42000,0.1771655,0.0002,9.35680,4488.7
42100,0.1822905,0.0002,9.36213,4496.8
42200,0.1789381,0.0002,9.36715,4505.1
42300,0.1777342,0.0002,9.37222,4513.3
42400,0.1797439,0.0002,9.37756,4521.4
42500,0.1795899,0.0002,9.38260,4529.7
42600,0.1789315,0.0002,9.38747,4538.0
42700,0.1793708,0.0002,9.39233,4546.3
42800,0.1764010,0.0002,9.39726,4554.5
42900,0.1768227,0.0002,9.40224,4562.7
43000,0.1806981,0.0002,9.40700,4571.1
43100,0.1789666,0.0002,9.41163,4579.4
43200,0.1779690,0.0002,9.41653,4587.7
43300,0.1798019,0.0002,9.42142,4595.9
43400,0.1754353,0.0002,9.42618,4604.2
43500,0.1801083,0.0002,9.43109,4612.4
43600,0.1796540,0.0002,9.43579,4620.7
43700,0.1784084,0.0002,9.44045,4629.0
43800,0.1805982,0.0002,9.44477,4637.5
43900,0.1783829,0.0002,9.44940,4645.8
44000,0.1789451,0.0002,9.45411,4654.1
44100,0.1798881,0.0002,9.45869,4662.4
44200,0.1765971,0.0002,9.46316,4670.7
44300,0.1798557,0.0002,9.46759,4679.1
44400,0.1782270,0.0002,9.47180,4687.6
44500,0.1787914,0.0002,9.47631,4695.9
44600,0.1786422,0.0002,9.48074,4704.3
44700,0.1795483,0.0002,9.48525,4712.6
44800,0.1778358,0.0002,9.48950,4721.0
44900,0.1796656,0.0002,9.49388,4729.4
45000,0.1825535,0.0002,9.49837,4737.7
45100,0.1792785,0.0002,9.50287,4745.9
45200,0.1780566,0.0002,9.50725,4754.3
45300,0.1749848,0.0002,9.51143,4762.7
45400,0.1753005,0.0002,9.51567,4771.1
45500,0.1790016,0.0002,9.51988,4779.5
45600,0.1779953,0.0002,9.52420,4787.8
45700,0.1802648,0.0002,9.52842,4796.2
45800,0.1780948,0.0002,9.53250,4804.6
45900,0.1771072,0.0002,9.53664,4813.0
46000,0.1748243,0.0002,9.54095,4821.3
46100,0.1782549,0.0002,9.54519,4829.7
46200,0.1787600,0.0002,9.54944,4838.0
46300,0.1794147,0.0002,9.55376,4846.3
46400,0.1772402,0.0002,9.55783,4854.7
46500,0.1787982,0.0002,9.56164,4863.2
46600,0.1798427,0.0002,9.56552,4871.7
46700,0.1776144,0.0002,9.56936,4880.2
46800,0.1767221,0.0002,9.57367,4888.4
46900,0.1802511,0.0002,9.57760,4896.8
47000,0.1797929,0.0002,9.58137,4905.4
47100,0.1768204,0.0002,9.58515,4913.9
47200,0.1777372,0.0002,9.58887,4922.4
47300,0.1782239,0.0002,9.59268,4930.8
47400,0.1800443,0.0002,9.59654,4939.3
47500,0.1791309,0.0002,9.60037,4947.7
47600,0.1769419,0.0002,9.60413,4956.2
47700,0.1804233,0.0002,9.60807,4964.6
47800,0.1753074,0.0002,9.61206,4972.9
47900,0.1777076,0.0002,9.61621,4981.2
48000,0.1778421,0.0002,9.62026,4989.5
48100,0.1780093,0.0002,9.62425,4997.8
48200,0.1788131,0.0002,9.62822,5006.1
48300,0.1765925,0.0002,9.63226,5014.4
48400,0.1788277,0.0002,9.63594,5022.9
48500,0.1773167,0.0002,9.63975,5031.3
48600,0.1784804,0.0002,9.64361,5039.6
48700,0.1816714,0.0002,9.64765,5047.9
48800,0.1795574,0.0002,9.65155,5056.2
48900,0.1782378,0.0002,9.65544,5064.5
49000,0.1802197,0.0002,9.65943,5072.8
49100,0.1798655,0.0002,9.66337,5081.0
49200,0.1778858,0.0002,9.66746,5089.2
49300,0.1786676,0.0002,9.67118,5097.6
49400,0.1770747,0.0002,9.67494,5106.0
49500,0.1760764,0.0002,9.67871,5114.3
49600,0.1775719,0.0002,9.68248,5122.7
49700,0.1790953,0.0002,9.68628,5131.0
49800,0.1795311,0.0002,9.69003,5139.3
49900,0.1775599,0.0002,9.69371,5147.7
50000,0.1771443,0.0002,9.69721,5156.1
50100,0.1782359,0.0002,9.69698,5166.6
50200,0.1803756,0.0002,9.70073,5174.9
50300,0.1789918,0.0002,9.70404,5183.4
50400,0.1768148,0.0002,9.70750,5191.9
50500,0.1787611,0.0002,9.71095,5200.3
50600,0.1763726,0.0002,9.71432,5208.8
50700,0.1760680,0.0002,9.71777,5217.2
50800,0.1789523,0.0002,9.72109,5225.8
50900,0.1782042,0.0002,9.72444,5234.2
51000,0.1784429,0.0002,9.72789,5242.7
51100,0.1772202,0.0002,9.73144,5251.0
51200,0.1769484,0.0002,9.73502,5259.4
51300,0.1757178,0.0002,9.73843,5267.8
51400,0.1793009,0.0002,9.74186,5276.2
51500,0.1790576,0.0002,9.74510,5284.7
51600,0.1777276,0.0002,9.74833,5293.2
51700,0.1785008,0.0002,9.75211,5301.4
51800,0.1775424,0.0002,9.75567,5309.7
51900,0.1761576,0.0002,9.75918,5318.1
52000,0.1772067,0.0002,9.76268,5326.4
52100,0.1774766,0.0002,9.76621,5334.7
52200,0.1768358,0.0002,9.76966,5343.1
52300,0.1784238,0.0002,9.77324,5351.3
52400,0.1765728,0.0002,9.77674,5359.7
52500,0.1787978,0.0002,9.78009,5368.1
52600,0.1776333,0.0002,9.78353,5376.4
52700,0.1774849,0.0002,9.78700,5384.7
52800,0.1791839,0.0002,9.79050,5393.0
52900,0.1774352,0.0002,9.79393,5401.3
53000,0.1784751,0.0002,9.79730,5409.7
53100,0.1777269,0.0002,9.80067,5418.0
53200,0.1797398,0.0002,9.80416,5426.3
53300,0.1769842,0.0002,9.80788,5434.4
53400,0.1777337,0.0002,9.81149,5442.6
53500,0.1760511,0.0002,9.81502,5450.8
53600,0.1753223,0.0002,9.81850,5459.1
53700,0.1779760,0.0002,9.82205,5467.3
53800,0.1749744,0.0002,9.82560,5475.5
53900,0.1771461,0.0002,9.82885,5483.9
54000,0.1778268,0.0002,9.83240,5492.0
54100,0.1795384,0.0002,9.83584,5500.3
54200,0.1792798,0.0002,9.83911,5508.6
54300,0.1766156,0.0002,9.84247,5516.9
54400,0.1793185,0.0002,9.84599,5525.1
54500,0.1783500,0.0002,9.84945,5533.3
54600,0.1759862,0.0002,9.85298,5541.5
54700,0.1784010,0.0002,9.85638,5549.7
54800,0.1800050,0.0002,9.85963,5558.0
54900,0.1800675,0.0002,9.86304,5566.2
55000,0.1752729,0.0002,9.86663,5574.3
55100,0.1778302,0.0002,9.87035,5582.4
55200,0.1761606,0.0002,9.87360,5590.7
55300,0.1781199,0.0002,9.87695,5598.9
55400,0.1764314,0.0002,9.88023,5607.2
55500,0.1774467,0.0002,9.88339,5615.5
55600,0.1777127,0.0002,9.88662,5623.8
55700,0.1785538,0.0002,9.88988,5632.0
55800,0.1777996,0.0002,9.89313,5640.3
55900,0.1785441,0.0002,9.89642,5648.5
56000,0.1770276,0.0002,9.89969,5656.7
56100,0.1767348,0.0002,9.90276,5665.1
56200,0.1784962,0.0002,9.90578,5673.5
56300,0.1766147,0.0002,9.90866,5681.9
56400,0.1783856,0.0002,9.91169,5690.3
56500,0.1768906,0.0002,9.91476,5698.6
56600,0.1745166,0.0002,9.91799,5706.8
56700,0.1776868,0.0002,9.92127,5715.0
56800,0.1778501,0.0002,9.92448,5723.2
56900,0.1792787,0.0002,9.92727,5731.7
57000,0.1780674,0.0002,9.93019,5740.1
57100,0.1767996,0.0002,9.93309,5748.5
57200,0.1785276,0.0002,9.93597,5756.9
57300,0.1787311,0.0002,9.93867,5765.4
57400,0.1786833,0.0002,9.94163,5773.7
57500,0.1793933,0.0002,9.94455,5782.1
57600,0.1792496,0.0002,9.94726,5790.5
57700,0.1763707,0.0002,9.95017,5798.9
57800,0.1801994,0.0002,9.95295,5807.3
57900,0.1759069,0.0002,9.95590,5815.6
58000,0.1800975,0.0002,9.95880,5824.0
58100,0.1788538,0.0002,9.96191,5832.2
58200,0.1779335,0.0002,9.96490,5840.5
58300,0.1781347,0.0002,9.96796,5848.7
58400,0.1759473,0.0002,9.97068,5857.2
58500,0.1745650,0.0002,9.97353,5865.5
58600,0.1775221,0.0002,9.97620,5874.0
58700,0.1750374,0.0002,9.97917,5882.3
58800,0.1786518,0.0002,9.98210,5890.5
58900,0.1781121,0.0002,9.98517,5898.7
59000,0.1756921,0.0002,9.98818,5907.0
59100,0.1782543,0.0002,9.99127,5915.2
59200,0.1778710,0.0002,9.99441,5923.3
59300,0.1764141,0.0002,9.99746,5931.5
59400,0.1772849,0.0002,10.00042,5939.8
59500,0.1757615,0.0002,10.00353,5947.9
59600,0.1795230,0.0002,10.00653,5956.1
59700,0.1776592,0.0002,10.00956,5964.3
59800,0.1762913,0.0002,10.01249,5972.5
59900,0.1766888,0.0002,10.01556,5980.7
60000,0.1792079,0.0002,10.01864,5988.8
60100,0.1791669,0.0002,10.01971,5998.2
60200,0.1737026,0.0002,10.02251,6006.5
60300,0.1779560,0.0002,10.02549,6014.7
60400,0.1747151,0.0002,10.02844,6022.9
60500,0.1768391,0.0002,10.03129,6031.1
60600,0.1749813,0.0002,10.03410,6039.4
60700,0.1766663,0.0002,10.03709,6047.6
60800,0.1773445,0.0002,10.03983,6055.9
60900,0.1763534,0.0002,10.04269,6064.1
61000,0.1771354,0.0002,10.04539,6072.4
61100,0.1756811,0.0002,10.04816,6080.7
61200,0.1766844,0.0002,10.05101,6088.9
61300,0.1764274,0.0002,10.05378,6097.2
61400,0.1759916,0.0002,10.05660,6105.4
61500,0.1807401,0.0002,10.05943,6113.7
61600,0.1785918,0.0002,10.06255,6121.7
61700,0.1773187,0.0002,10.06524,6130.0
61800,0.1762594,0.0002,10.06793,6138.3
61900,0.1772478,0.0002,10.07068,6146.6
62000,0.1778239,0.0002,10.07351,6154.8
62100,0.1764408,0.0002,10.07610,6163.1
62200,0.1780464,0.0002,10.07876,6171.4
62300,0.1741051,0.0002,10.08140,6179.7
62400,0.1758949,0.0002,10.08396,6188.0
62500,0.1786293,0.0002,10.08658,6196.4
62600,0.1777107,0.0002,10.08935,6204.6
62700,0.1754578,0.0002,10.09210,6212.8
62800,0.1772445,0.0002,10.09476,6221.0
62900,0.1770880,0.0002,10.09750,6229.3
63000,0.1763183,0.0002,10.10011,6237.6
63100,0.1765671,0.0002,10.10259,6245.9
63200,0.1758069,0.0002,10.10569,6253.9
63300,0.1771220,0.0002,10.10838,6262.1
63400,0.1778749,0.0002,10.11111,6270.3
63500,0.1778852,0.0002,10.11379,6278.6
63600,0.1778815,0.0002,10.11632,6286.9
63700,0.1749033,0.0002,10.11894,6295.1
63800,0.1760313,0.0002,10.12174,6303.3
63900,0.1764483,0.0002,10.12458,6311.4
64000,0.1775518,0.0002,10.12729,6319.6
64100,0.1775979,0.0002,10.12978,6327.9
64200,0.1778560,0.0002,10.13236,6336.1
64300,0.1795863,0.0002,10.13491,6344.4
64400,0.1761584,0.0002,10.13766,6352.5
64500,0.1788721,0.0002,10.14023,6360.8
64600,0.1755582,0.0002,10.14286,6369.0
64700,0.1773202,0.0002,10.14548,6377.2
64800,0.1803784,0.0002,10.14784,6385.6
64900,0.1766830,0.0002,10.15028,6393.9
65000,0.1763912,0.0002,10.15269,6402.2
65100,0.1772689,0.0002,10.15497,6410.7
65200,0.1773513,0.0002,10.15722,6419.1
65300,0.1776327,0.0002,10.15956,6427.4
65400,0.1799394,0.0002,10.16187,6435.8
65500,0.1789298,0.0002,10.16411,6444.2
65600,0.1771809,0.0002,10.16625,6452.7
65700,0.1758804,0.0002,10.16833,6461.2
65800,0.1769059,0.0002,10.17049,6469.7
65900,0.1759756,0.0002,10.17271,6478.1
66000,0.1749631,0.0002,10.17516,6486.4
66100,0.1798934,0.0002,10.17754,6494.7
66200,0.1780249,0.0002,10.18008,6502.9
66300,0.1761998,0.0002,10.18297,6510.9
66400,0.1788700,0.0002,10.18517,6519.3
66500,0.1767627,0.0002,10.18751,6527.6
66600,0.1768004,0.0002,10.19011,6535.7
66700,0.1772469,0.0002,10.19247,6544.0
66800,0.1777971,0.0002,10.19500,6552.2
66900,0.1802067,0.0002,10.19742,6560.5
67000,0.1770858,0.0002,10.19989,6568.7
67100,0.1760507,0.0002,10.20231,6576.9
67200,0.1763752,0.0002,10.20449,6585.3
67300,0.1765542,0.0002,10.20676,6593.7
67400,0.1770343,0.0002,10.20912,6601.9
67500,0.1754859,0.0002,10.21142,6610.2
67600,0.1760361,0.0002,10.21377,6618.5
67700,0.1787371,0.0002,10.21631,6626.7
67800,0.1753836,0.0002,10.21877,6634.8
67900,0.1764953,0.0002,10.22111,6643.1
68000,0.1751357,0.0002,10.22319,6651.5
68100,0.1768918,0.0002,10.22573,6659.7
68200,0.1772296,0.0002,10.22806,6667.9
68300,0.1770396,0.0002,10.23078,6675.9
68400,0.1770620,0.0002,10.23312,6684.2
68500,0.1756603,0.0002,10.23592,6692.1
68600,0.1791417,0.0002,10.23840,6700.3
68700,0.1775014,0.0002,10.24098,6708.3
68800,0.1788701,0.0002,10.24335,6716.6
68900,0.1761774,0.0002,10.24559,6724.8
69000,0.1730624,0.0002,10.24806,6733.0
69100,0.1768849,0.0002,10.25039,6741.2
69200,0.1757495,0.0002,10.25263,6749.5
69300,0.1764501,0.0002,10.25519,6757.6
69400,0.1775393,0.0002,10.25792,6765.5
69500,0.1777877,0.0002,10.26022,6773.7
69600,0.1771872,0.0002,10.26247,6782.0
69700,0.1777067,0.0002,10.26464,6790.3
69800,0.1760001,0.0002,10.26689,6798.6
69900,0.1755095,0.0002,10.26907,6806.8
70000,0.1770096,0.0002,10.27123,6815.2
70100,0.1751119,0.0002,10.27169,6824.6
70200,0.1786142,0.0002,10.27385,6832.9
70300,0.1785843,0.0002,10.27622,6841.0
70400,0.1765492,0.0002,10.27836,6849.3
70500,0.1782325,0.0002,10.28088,6857.4
70600,0.1751085,0.0002,10.28322,6865.6
70700,0.1773049,0.0002,10.28550,6873.8
70800,0.1768017,0.0002,10.28771,6882.0
70900,0.1737221,0.0002,10.29017,6890.1
71000,0.1788193,0.0002,10.29265,6898.1
71100,0.1778475,0.0002,10.29466,6906.5
71200,0.1767066,0.0002,10.29673,6914.8
71300,0.1765498,0.0002,10.29869,6923.2
71400,0.1777172,0.0002,10.30057,6931.7
71500,0.1763940,0.0002,10.30230,6940.2
71600,0.1788256,0.0002,10.30414,6948.7
71700,0.1750452,0.0002,10.30641,6956.8
71800,0.1796512,0.0002,10.30847,6965.1
71900,0.1747399,0.0002,10.31028,6973.6
72000,0.1751601,0.0002,10.31218,6982.0
72100,0.1777184,0.0002,10.31431,6990.3
72200,0.1762481,0.0002,10.31638,6998.6
72300,0.1794685,0.0002,10.31880,7006.6
72400,0.1762864,0.0002,10.32096,7014.9
72500,0.1730923,0.0002,10.32315,7023.1
72600,0.1779145,0.0002,10.32531,7031.3
72700,0.1760175,0.0002,10.32738,7039.5
72800,0.1798944,0.0002,10.32950,7047.8
72900,0.1759471,0.0002,10.33146,7056.1
73000,0.1750191,0.0002,10.33426,7063.9
73100,0.1770753,0.0002,10.33627,7072.2
73200,0.1812515,0.0002,10.33834,7080.4
73300,0.1769402,0.0002,10.34044,7088.7
73400,0.1757155,0.0002,10.34255,7096.9
73500,0.1760936,0.0002,10.34483,7105.0
73600,0.1750469,0.0002,10.34696,7113.2
73700,0.1769237,0.0002,10.34904,7121.4
73800,0.1770936,0.0002,10.35202,7129.0
73900,0.1758394,0.0002,10.35531,7136.4
74000,0.1778493,0.0002,10.35859,7143.8
74100,0.1778088,0.0002,10.36187,7151.2
74200,0.1760311,0.0002,10.36506,7158.7
74300,0.1741336,0.0002,10.36831,7166.1
74400,0.1728110,0.0002,10.37060,7174.1
74500,0.1784851,0.0002,10.37263,7182.4
74600,0.1742521,0.0002,10.37471,7190.6
74700,0.1789114,0.0002,10.37669,7198.8
74800,0.1756787,0.0002,10.37939,7206.6
74900,0.1769154,0.0002,10.38264,7214.0
75000,0.1754103,0.0002,10.38570,7221.5
75100,0.1765825,0.0002,10.38758,7229.8
75200,0.1762392,0.0002,10.38950,7238.1
75300,0.1772700,0.0002,10.39156,7246.3
75400,0.1754221,0.0002,10.39357,7254.5
75500,0.1759152,0.0002,10.39587,7262.5
75600,0.1758969,0.0002,10.39784,7270.7
75700,0.1788198,0.0002,10.39980,7279.0
75800,0.1751784,0.0002,10.40206,7287.0
75900,0.1749089,0.0002,10.40418,7295.1
76000,0.1767477,0.0002,10.40628,7303.3
76100,0.1736568,0.0002,10.40845,7311.4
76200,0.1737579,0.0002,10.41065,7319.4
76300,0.1773398,0.0002,10.41262,7327.6
76400,0.1741497,0.0002,10.41472,7335.8
76500,0.1761471,0.0002,10.41675,7343.9
76600,0.1782387,0.0002,10.41897,7352.0
76700,0.1785095,0.0002,10.42131,7359.9
76800,0.1762458,0.0002,10.42329,7368.1
76900,0.1735986,0.0002,10.42532,7376.3
77000,0.1771006,0.0002,10.42719,7384.5
77100,0.1771029,0.0002,10.42926,7392.7
77200,0.1800801,0.0002,10.43106,7401.0
77300,0.1766050,0.0002,10.43311,7409.1
77400,0.1744283,0.0002,10.43485,7417.5
77500,0.1756719,0.0002,10.43704,7425.5
77600,0.1750614,0.0002,10.43912,7433.6
77700,0.1758461,0.0002,10.44124,7441.6
77800,0.1766991,0.0002,10.44335,7449.7
77900,0.1782145,0.0002,10.44556,7457.7
78000,0.1784210,0.0002,10.44801,7465.5
78100,0.1767368,0.0002,10.45039,7473.4
78200,0.1771736,0.0002,10.45198,7481.8
78300,0.1764536,0.0002,10.45385,7490.1
78400,0.1746157,0.0002,10.45597,7498.1
78500,0.1757285,0.0002,10.45788,7506.3
78600,0.1776007,0.0002,10.46011,7514.3
78700,0.1770293,0.0002,10.46179,7522.6
78800,0.1765715,0.0002,10.46346,7531.0
78900,0.1763107,0.0002,10.46589,7538.8
79000,0.1746041,0.0002,10.46828,7546.6
79100,0.1763972,0.0002,10.47065,7554.5
79200,0.1765140,0.0002,10.47300,7562.3
79300,0.1769421,0.0002,10.47537,7570.1
79400,0.1757934,0.0002,10.47777,7578.0
79500,0.1774310,0.0002,10.48018,7585.7
79600,0.1776496,0.0002,10.48240,7593.7
79700,0.1771832,0.0002,10.48464,7601.6
79800,0.1765417,0.0002,10.48695,7609.5
79900,0.1755610,0.0002,10.48914,7617.4
80000,0.1748953,0.0002,10.49150,7625.2
80100,0.1773300,0.0002,10.49233,7634.2
80200,0.1734269,0.0002,10.49430,7642.2
80300,0.1758101,0.0002,10.49618,7650.4
80400,0.1768152,0.0002,10.49812,7658.5
80500,0.1761684,0.0002,10.50002,7666.7
80600,0.1775003,0.0002,10.50198,7674.7
80700,0.1756137,0.0002,10.50388,7682.9
80800,0.1761310,0.0002,10.50579,7691.0
80900,0.1756469,0.0002,10.50797,7698.9
81000,0.1764760,0.0002,10.51016,7706.8
81100,0.1740866,0.0002,10.51226,7714.8
81200,0.1780709,0.0002,10.51413,7722.9
81300,0.1765365,0.0002,10.51590,7731.2
81400,0.1739095,0.0002,10.51781,7739.3
81500,0.1756802,0.0002,10.51985,7747.3
81600,0.1765765,0.0002,10.52178,7755.3
81700,0.1786635,0.0002,10.52414,7763.1
81800,0.1768603,0.0002,10.52608,7771.2
81900,0.1761839,0.0002,10.52820,7779.1
82000,0.1778958,0.0002,10.53020,7787.1
82100,0.1752921,0.0002,10.53214,7795.2
82200,0.1750896,0.0002,10.53410,7803.2
82300,0.1767092,0.0002,10.53620,7811.2
82400,0.1741536,0.0002,10.53808,7819.3
82500,0.1755422,0.0002,10.53986,7827.4
82600,0.1765026,0.0002,10.54188,7835.4
82700,0.1754281,0.0002,10.54402,7843.3
82800,0.1752907,0.0002,10.54616,7851.2
82900,0.1753168,0.0002,10.54813,7859.2
83000,0.1770369,0.0002,10.55024,7867.1
83100,0.1748976,0.0002,10.55232,7875.0
83200,0.1747943,0.0002,10.55442,7883.0
83300,0.1756609,0.0002,10.55633,7891.0
83400,0.1760810,0.0002,10.55846,7898.9
83500,0.1737434,0.0002,10.56063,7906.7
83600,0.1765929,0.0002,10.56260,7914.7
83700,0.1749132,0.0002,10.56475,7922.6
83800,0.1773561,0.0002,10.56688,7930.4
83900,0.1769350,0.0002,10.56894,7938.4
84000,0.1785445,0.0002,10.57110,7946.2
84100,0.1742099,0.0002,10.57308,7954.2
84200,0.1759185,0.0002,10.57523,7962.0
84300,0.1750828,0.0002,10.57734,7969.9
84400,0.1788146,0.0002,10.57934,7977.8
84500,0.1731827,0.0002,10.58164,7985.5
84600,0.1781701,0.0002,10.58360,7993.5
84700,0.1748701,0.0002,10.58584,8001.3
84800,0.1763284,0.0002,10.58800,8009.1
84900,0.1754875,0.0002,10.59014,8016.9
85000,0.1761600,0.0002,10.59241,8024.6
85100,0.1745876,0.0002,10.59426,8032.6
85200,0.1744983,0.0002,10.59616,8040.6
85300,0.1772016,0.0002,10.59819,8048.5
85400,0.1725807,0.0002,10.60014,8056.5
85500,0.1760321,0.0002,10.60209,8064.4
85600,0.1765159,0.0002,10.60395,8072.5
85700,0.1779657,0.0002,10.60619,8080.2
85800,0.1754184,0.0002,10.60843,8087.9
85900,0.1756812,0.0002,10.61050,8095.8
86000,0.1748040,0.0002,10.61239,8103.7
86100,0.1747449,0.0002,10.61445,8111.6
86200,0.1761276,0.0002,10.61613,8119.7
86300,0.1746720,0.0002,10.61762,8128.0
86400,0.1759615,0.0002,10.61950,8136.0
86500,0.1754568,0.0002,10.62166,8143.7
86600,0.1735846,0.0002,10.62364,8151.6
86700,0.1751121,0.0002,10.62547,8159.6
86800,0.1775337,0.0002,10.62721,8167.7
86900,0.1746072,0.0002,10.62903,8175.7
87000,0.1754310,0.0002,10.63098,8183.6
87100,0.1780124,0.0002,10.63296,8191.5
87200,0.1761545,0.0002,10.63474,8199.5
87300,0.1756674,0.0002,10.63666,8207.5
87400,0.1764246,0.0002,10.63854,8215.4
87500,0.1768088,0.0002,10.64050,8223.3
87600,0.1765088,0.0002,10.64245,8231.2
87700,0.1761776,0.0002,10.64420,8239.2
87800,0.1733206,0.0002,10.64565,8247.5
87900,0.1770092,0.0002,10.64750,8255.5
88000,0.1753874,0.0002,10.64932,8263.4
88100,0.1748039,0.0002,10.65128,8271.3
88200,0.1760734,0.0002,10.65298,8279.4
88300,0.1768800,0.0002,10.65451,8287.6
88400,0.1741951,0.0002,10.65598,8295.8
88500,0.1754419,0.0002,10.65786,8303.7
88600,0.1773529,0.0002,10.65968,8311.7
88700,0.1731669,0.0002,10.66142,8319.7
88800,0.1770357,0.0002,10.66332,8327.6
88900,0.1763589,0.0002,10.66522,8335.5
89000,0.1733170,0.0002,10.66690,8343.6
89100,0.1752456,0.0002,10.66865,8351.6
89200,0.1763783,0.0002,10.67002,8359.9
89300,0.1768806,0.0002,10.67116,8368.3
89400,0.1760101,0.0002,10.67274,8376.5
89500,0.1746935,0.0002,10.67446,8384.5
89600,0.1736404,0.0002,10.67608,8392.6
89700,0.1751742,0.0002,10.67787,8400.5
89800,0.1747677,0.0002,10.67971,8408.5
89900,0.1750161,0.0002,10.68164,8416.3
90000,0.1746495,0.0002,10.68337,8424.3
90100,0.1742261,0.0002,10.68366,8433.4
90200,0.1778660,0.0002,10.68515,8441.6
90300,0.1767874,0.0002,10.68649,8449.9
90400,0.1746312,0.0002,10.68841,8457.8
90500,0.1746781,0.0002,10.69091,8465.1
90600,0.1780017,0.0002,10.69337,8472.5
90700,0.1736603,0.0002,10.69584,8479.9
90800,0.1762288,0.0002,10.69833,8487.3
90900,0.1778002,0.0002,10.70075,8494.7
91000,0.1745290,0.0002,10.70323,8502.1
91100,0.1772362,0.0002,10.70571,8509.5
91200,0.1729758,0.0002,10.70818,8516.9
91300,0.1751365,0.0002,10.71065,8524.2
91400,0.1764009,0.0002,10.71305,8531.7
91500,0.1754960,0.0002,10.71550,8539.0
91600,0.1751350,0.0002,10.71796,8546.4
91700,0.1777701,0.0002,10.72041,8553.8
91800,0.1735636,0.0002,10.72286,8561.2
91900,0.1763623,0.0002,10.72531,8568.5
92000,0.1764832,0.0002,10.72775,8575.9
92100,0.1773455,0.0002,10.73019,8583.3
92200,0.1748950,0.0002,10.73255,8590.7
92300,0.1731105,0.0002,10.73497,8598.1
92400,0.1759201,0.0002,10.73739,8605.4
92500,0.1750318,0.0002,10.73980,8612.8
92600,0.1725807,0.0002,10.74165,8620.7
92700,0.1735177,0.0002,10.74323,8628.7
92800,0.1750886,0.0002,10.74488,8636.7
92900,0.1732639,0.0002,10.74660,8644.6
93000,0.1742568,0.0002,10.74821,8652.6
93100,0.1761200,0.0002,10.75061,8660.0
93200,0.1763338,0.0002,10.75301,8667.3
93300,0.1728537,0.0002,10.75540,8674.7
93400,0.1739271,0.0002,10.75779,8682.1
93500,0.1760035,0.0002,10.75967,8689.9
93600,0.1750874,0.0002,10.76134,8697.8
93700,0.1757828,0.0002,10.76292,8705.8
93800,0.1772476,0.0002,10.76424,8714.0
93900,0.1739806,0.0002,10.76577,8722.1
94000,0.1739948,0.0002,10.76746,8730.0
94100,0.1753719,0.0002,10.76906,8738.0
94200,0.1763703,0.0002,10.77063,8746.0
94300,0.1760865,0.0002,10.77234,8753.9
94400,0.1728853,0.0002,10.77378,8762.0
94500,0.1739584,0.0002,10.77548,8769.9
94600,0.1760585,0.0002,10.77674,8778.2
94700,0.1770663,0.0002,10.77848,8786.0
94800,0.1757397,0.0002,10.77998,8794.1
94900,0.1759318,0.0002,10.78160,8802.0
95000,0.1735895,0.0002,10.78317,8810.0
95100,0.1762849,0.0002,10.78493,8817.9
95200,0.1764646,0.0002,10.78640,8825.9
95300,0.1769467,0.0002,10.78809,8833.8
95400,0.1753292,0.0002,10.78957,8841.9
95500,0.1742131,0.0002,10.79114,8849.8
95600,0.1747739,0.0002,10.79287,8857.7
95700,0.1767657,0.0002,10.79454,8865.6
95800,0.1747828,0.0002,10.79610,8873.6
95900,0.1764116,0.0002,10.79777,8881.5
96000,0.1740298,0.0002,10.79904,8889.7
96100,0.1776147,0.0002,10.80033,8897.9
96200,0.1755960,0.0002,10.80180,8905.9
96300,0.1749639,0.0002,10.80347,8913.8
96400,0.1761853,0.0002,10.80499,8921.8
96500,0.1748215,0.0002,10.80621,8930.1
96600,0.1769257,0.0002,10.80800,8937.8
96700,0.1719900,0.0002,10.80940,8945.9
96800,0.1770959,0.0002,10.81058,8954.2
96900,0.1754370,0.0002,10.81187,8962.4
97000,0.1740750,0.0002,10.81330,8970.4
97100,0.1746519,0.0002,10.81485,8978.4
97200,0.1753587,0.0002,10.81624,8986.5
97300,0.1755867,0.0002,10.81758,8994.6
97400,0.1745952,0.0002,10.81907,9002.6
97500,0.1769815,0.0002,10.82035,9010.8
97600,0.1771696,0.0002,10.82185,9018.8
97700,0.1760700,0.0002,10.82315,9026.9
97800,0.1762409,0.0002,10.82479,9034.8
97900,0.1767924,0.0002,10.82635,9042.7
98000,0.1764740,0.0002,10.82792,9050.7
98100,0.1759317,0.0002,10.82900,9059.0
98200,0.1735741,0.0002,10.83038,9067.1
98300,0.1737502,0.0002,10.83193,9075.0
98400,0.1738962,0.0002,10.83336,9083.1
98500,0.1763565,0.0002,10.83464,9091.2
98600,0.1754856,0.0002,10.83607,9099.2
98700,0.1778698,0.0002,10.83756,9107.2
98800,0.1767852,0.0002,10.83898,9115.2
98900,0.1751407,0.0002,10.84033,9123.3
99000,0.1753779,0.0002,10.84189,9131.3
99100,0.1738548,0.0002,10.84345,9139.2
99200,0.1740824,0.0002,10.84477,9147.3
99300,0.1755807,0.0002,10.84625,9155.2
99400,0.1735617,0.0002,10.84790,9163.1
99500,0.1760968,0.0002,10.84923,9171.2
99600,0.1750950,0.0002,10.85082,9179.0
99700,0.1791685,0.0002,10.85245,9186.9
99800,0.1763542,0.0002,10.85393,9194.8
99900,0.1739724,0.0002,10.85556,9202.7
100000,0.1748636,0.0002,10.85711,9210.6
100100,0.1748689,0.000199999555,10.85611,9220.6
100200,0.1773484,0.000199998224,10.85752,9228.6
100300,0.1742479,0.000199996004,10.85900,9236.6
100400,0.1762054,0.000199992892,10.86044,9244.6
100500,0.1764945,0.000199988896,10.86200,9252.4
100600,0.1752088,0.000199984014,10.86355,9260.3
100700,0.1763843,0.000199978237,10.86493,9268.3
100800,0.1754298,0.000199971579,10.86628,9276.4
100900,0.1765339,0.000199964026,10.86767,9284.4
101000,0.1758090,0.000199955588,10.86922,9292.3
101100,0.1760098,0.000199946265,10.87069,9300.2
101200,0.1749552,0.000199936051,10.87185,9308.4
101300,0.1745363,0.000199924952,10.87294,9316.7
101400,0.1728692,0.000199912962,10.87409,9324.9
101500,0.1756460,0.000199900088,10.87561,9332.8
101600,0.1770922,0.000199886328,10.87671,9341.1
101700,0.1746802,0.000199871678,10.87808,9349.1
101800,0.1736027,0.000199856137,10.87931,9357.2
101900,0.1764307,0.000199839717,10.88065,9365.2
102000,0.1770451,0.000199822406,10.88219,9373.1
102100,0.1746243,0.000199804209,10.88353,9381.2
102200,0.1770382,0.000199785123,10.88477,9389.3
102300,0.1749371,0.000199765157,10.88638,9397.1
102400,0.1749200,0.0001997443,10.88784,9405.0
102500,0.1750722,0.000199722558,10.88903,9413.1
102600,0.1774971,0.000199699931,10.89026,9421.3
102700,0.1756417,0.000199676424,10.89179,9429.1
102800,0.1765737,0.000199652026,10.89312,9437.1
102900,0.1724127,0.000199626744,10.89451,9445.1
103000,0.1753312,0.000199600576,10.89602,9453.0
103100,0.1769314,0.000199573523,10.89724,9461.1
103200,0.1753874,0.000199545591,10.89836,9469.3
103300,0.1759098,0.000199516773,10.89989,9477.2
103400,0.1763634,0.00019948707,10.90134,9485.1
103500,0.1747203,0.000199456488,10.90276,9493.0
103600,0.1761243,0.00019942502,10.90407,9501.0
103700,0.1765019,0.000199392667,10.90547,9509.0
103800,0.1745098,0.000199359435,10.90703,9516.8
103900,0.1741759,0.000199325317,10.90840,9524.8
104000,0.1748416,0.000199290325,10.90962,9532.9
104100,0.1763267,0.000199254448,10.91103,9540.8
104200,0.1761449,0.000199217685,10.91239,9548.8
104300,0.1747214,0.000199180049,10.91366,9556.8
104400,0.1752952,0.000199141527,10.91486,9564.9
104500,0.1747578,0.000199102131,10.91640,9572.8
104600,0.1771043,0.000199061849,10.91788,9580.6
104700,0.1718463,0.000199020693,10.91910,9588.7
104800,0.1766089,0.000198978658,10.92041,9596.7
104900,0.1759078,0.000198935742,10.92184,9604.6
105000,0.1762836,0.000198891953,10.92343,9612.4
105100,0.1756149,0.000198847283,10.92491,9620.2
105200,0.1751428,0.000198801734,10.92636,9628.1
105300,0.1754390,0.00019875531,10.92752,9636.2
105400,0.1723046,0.000198708012,10.92888,9644.2
105500,0.1736234,0.00019865984,10.93024,9652.1
105600,0.1752828,0.000198610793,10.93143,9660.2
105700,0.1745911,0.000198560866,10.93284,9668.1
105800,0.1766520,0.00019851007,10.93455,9675.7
105900,0.1749981,0.000198458395,10.93589,9683.7
106000,0.1747277,0.000198405851,10.93752,9691.4
106100,0.1733201,0.000198352437,10.93906,9699.2
106200,0.1730485,0.000198298149,10.94050,9707.1
106300,0.1767186,0.000198242987,10.94160,9715.2
106400,0.1738253,0.000198186955,10.94270,9723.4
106500,0.1746473,0.000198130055,10.94389,9731.5
106600,0.1745887,0.00019807228,10.94511,9739.5
106700,0.1753707,0.000198013642,10.94667,9747.3
106800,0.1772498,0.000197954129,10.94808,9755.1
106900,0.1760543,0.000197893752,10.94951,9763.0
107000,0.1747858,0.000197832507,10.95052,9771.2
107100,0.1775753,0.000197770398,10.95156,9779.4
107200,0.1769315,0.000197707419,10.95303,9787.2
107300,0.1766090,0.000197643577,10.95413,9795.4
107400,0.1761667,0.000197578866,10.95508,9803.7
107500,0.1735360,0.000197513292,10.95655,9811.5
107600,0.1753131,0.000197446859,10.95780,9819.5
107700,0.1751264,0.000197379557,10.95918,9827.4
107800,0.1753230,0.000197311397,10.96042,9835.4
107900,0.1761500,0.000197242373,10.96173,9843.3
108000,0.1752859,0.000197172485,10.96306,9851.3
108100,0.1748398,0.000197101739,10.96444,9859.1
108200,0.1751119,0.000197030135,10.96588,9867.0
108300,0.1761488,0.000196957672,10.96724,9874.9
108400,0.1762603,0.000196884346,10.96869,9882.7
108500,0.1727650,0.000196810167,10.97019,9890.4
108600,0.1745515,0.000196735129,10.97143,9898.4
108700,0.1758940,0.000196659239,10.97275,9906.4
108800,0.1742772,0.00019658249,10.97401,9914.3
108900,0.1752460,0.000196504889,10.97516,9922.4
109000,0.1745732,0.000196426434,10.97656,9930.3
109100,0.1744685,0.000196347121,10.97791,9938.1
109200,0.1751126,0.000196266961,10.97908,9946.2
109300,0.1743811,0.000196185947,10.97999,9954.5
109400,0.1773230,0.000196104086,10.98128,9962.4
109500,0.1746919,0.000196021372,10.98256,9970.4
109600,0.1746398,0.000195937811,10.98374,9978.4
109700,0.1747238,0.000195853401,10.98518,9986.2
109800,0.1742134,0.000195768139,10.98660,9994.0
109900,0.1740613,0.000195682035,10.98780,10002.0
110000,0.1759921,0.000195595089,10.98916,10009.9
110100,0.1750435,0.000195507295,10.98911,10019.0
110200,0.1735889,0.000195418653,10.99038,10026.9
110300,0.1763194,0.000195329169,10.99131,10035.2
110400,0.1732342,0.000195238848,10.99234,10043.4
110500,0.1734456,0.000195147685,10.99363,10051.3
110600,0.1758633,0.000195055675,10.99491,10059.2
110700,0.1755254,0.000194962833,10.99576,10067.5
110800,0.1747049,0.000194869149,10.99730,10075.2
110900,0.1758298,0.000194774628,10.99868,10083.0
111000,0.1744059,0.00019467927,10.99976,10091.1
111100,0.1747125,0.000194583075,11.00104,10099.0
111200,0.1742243,0.000194486049,11.00239,10106.9
111300,0.1747485,0.000194388186,11.00356,10114.9
111400,0.1762767,0.000194289491,11.00444,10123.2
111500,0.1755512,0.000194189965,11.00566,10131.1
111600,0.1736736,0.000194089608,11.00667,10139.3
111700,0.1760934,0.000193988419,11.00800,10147.2
111800,0.1754879,0.000193886398,11.00914,10155.2
111900,0.1763158,0.000193783557,11.01037,10163.1
112000,0.1754810,0.000193679884,11.01150,10171.2
112100,0.1779246,0.000193575385,11.01277,10179.1
112200,0.1749284,0.000193470066,11.01386,10187.2
112300,0.1762153,0.00019336392,11.01516,10195.0
112400,0.1738267,0.000193256948,11.01639,10203.0
112500,0.1713079,0.000193149155,11.01744,10211.1
112600,0.1750543,0.000193040547,11.01874,10218.9
112700,0.1770452,0.000192931119,11.01983,10227.0
112800,0.1775012,0.000192820864,11.02110,10234.9
112900,0.1783579,0.000192709799,11.02247,10242.7
113000,0.1713954,0.000192597919,11.02365,10250.7
113100,0.1738463,0.000192485217,11.02489,10258.6
113200,0.1733926,0.000192371706,11.02627,10266.4
113300,0.1732511,0.00019225738,11.02763,10274.2
113400,0.1755441,0.000192142243,11.02855,10282.4
113500,0.1762074,0.000192026297,11.02980,10290.3
113600,0.1749832,0.000191909535,11.03084,10298.4
113700,0.1725155,0.000191791974,11.03215,10306.2
113800,0.1732236,0.000191673597,11.03315,10314.4
113900,0.1752773,0.000191554421,11.03422,10322.4
114000,0.1769466,0.000191434435,11.03554,10330.3
114100,0.1749320,0.000191313645,11.03672,10338.2
114200,0.1738002,0.000191192055,11.03792,10346.1
114300,0.1758185,0.000191069666,11.03897,10354.2
114400,0.1752635,0.000190946472,11.04021,10362.1
114500,0.1746521,0.000190822484,11.04156,10369.9
114600,0.1726699,0.000190697691,11.04288,10377.7
114700,0.1763045,0.00019057211,11.04425,10385.5
114800,0.1750564,0.00019044573,11.04560,10393.3
114900,0.1718804,0.000190318556,11.04670,10401.3
115000,0.1725314,0.000190190588,11.04804,10409.1
115100,0.1774517,0.000190061831,11.04942,10416.8
115200,0.1763044,0.00018993228,11.05049,10424.9
115300,0.1765650,0.000189801941,11.05162,10432.9
115400,0.1736590,0.000189670818,11.05299,10440.6
115500,0.1743938,0.000189538907,11.05428,10448.4
115600,0.1739154,0.000189406208,11.05539,10456.4
115700,0.1735835,0.00018927273,11.05643,10464.5
115800,0.1755686,0.00018913847,11.05767,10472.4
115900,0.1725229,0.000189003426,11.05866,10480.5
116000,0.1748471,0.000188867599,11.05969,10488.5
116100,0.1752561,0.000188730999,11.06076,10496.6
116200,0.1756759,0.000188593622,11.06180,10504.6
116300,0.1748247,0.000188455467,11.06317,10512.4
116400,0.1746631,0.000188316539,11.06433,10520.3
116500,0.1745629,0.000188176839,11.06551,10528.2
116600,0.1730226,0.000188036361,11.06666,10536.2
116700,0.1740344,0.000187895121,11.06791,10544.0
116800,0.1752957,0.000187753109,11.06919,10551.8
116900,0.1756322,0.000187610329,11.07043,10559.7
117000,0.1741782,0.000187466783,11.07174,10567.4
117100,0.1747498,0.000187322469,11.07302,10575.3
117200,0.1737570,0.000187177399,11.07417,10583.2
117300,0.1753839,0.000187031562,11.07536,10591.1
117400,0.1735003,0.000186884969,11.07681,10598.7
117500,0.1729580,0.000186737614,11.07811,10606.5
117600,0.1734948,0.000186589502,11.07936,10614.3
117700,0.1749079,0.000186440634,11.08058,10622.2
117800,0.1757587,0.000186291015,11.08179,10630.1
117900,0.1735770,0.00018614064,11.08315,10637.8
118000,0.1751751,0.000185989513,11.08432,10645.7
118100,0.1754871,0.000185837636,11.08558,10653.5
118200,0.1749834,0.000185685013,11.08674,10661.4
118300,0.1723542,0.000185531639,11.08795,10669.2
118400,0.1727811,0.000185377524,11.08929,10677.0
118500,0.1730296,0.000185222664,11.09053,10684.8
118600,0.1763079,0.000185067059,11.09162,10692.8
118700,0.1753021,0.000184910713,11.09254,10700.9
118800,0.1743354,0.000184753627,11.09358,10708.9
118900,0.1747338,0.000184595811,11.09481,10716.7
119000,0.1750742,0.000184437249,11.09563,10724.9
119100,0.1737285,0.000184277958,11.09673,10732.9
119200,0.1740561,0.000184117932,11.09807,10740.6
119300,0.1736263,0.000183957177,11.09908,10748.6
119400,0.1735001,0.000183795686,11.10044,10756.3
119500,0.1785388,0.000183633472,11.10147,10764.3
119600,0.1747046,0.000183470533,11.10239,10772.5
119700,0.1744859,0.000183306865,11.10342,10780.5
119800,0.1772989,0.000183142477,11.10436,10788.6
119900,0.1731541,0.00018297736,11.10562,10796.3
120000,0.1754854,0.00018281153,11.10655,10804.4
120100,0.1752773,0.000182644976,11.10648,10813.5
120200,0.1762699,0.000182477708,11.10739,10821.6
120300,0.1736440,0.000182309726,11.10851,10829.5
120400,0.1733380,0.000182141032,11.10931,10837.8
120500,0.1758198,0.000181971618,11.11030,10845.8
120600,0.1739316,0.000181801496,11.11166,10853.5
120700,0.1757236,0.000181630672,11.11264,10861.5
120800,0.1741903,0.000181459134,11.11355,10869.6
120900,0.1760719,0.000181286898,11.11454,10877.6
121000,0.1743771,0.000181113955,11.11547,10885.7
121100,0.1737629,0.000180940303,11.11623,10894.0
121200,0.1743263,0.00018076596,11.11736,10901.9
121300,0.1739513,0.000180590913,11.11830,10909.9
121400,0.1733090,0.000180415175,11.11910,10918.2
121500,0.1766438,0.000180238739,11.12027,10926.0
121600,0.1724161,0.000180061606,11.12127,10934.0
121700,0.1761461,0.000179883786,11.12247,10941.8
121800,0.1719538,0.000179705275,11.12334,10950.0
121900,0.1746328,0.000179526076,11.12435,10957.9
122000,0.1765652,0.000179346191,11.12565,10965.7
122100,0.1720066,0.000179165625,11.12649,10973.8
122200,0.1760881,0.000178984367,11.12748,10981.8
122300,0.1709077,0.000178802438,11.12869,10989.6
122400,0.1733852,0.000178619828,11.12983,10997.5
122500,0.1759055,0.000178436536,11.13091,11005.4
122600,0.1746386,0.000178252574,11.13198,11013.3
122700,0.1758544,0.000178067931,11.13297,11021.3
122800,0.1745762,0.000177882622,11.13404,11029.2
122900,0.1765257,0.000177696643,11.13517,11037.1
123000,0.1722137,0.000177509994,11.13640,11044.9
123100,0.1758953,0.000177322685,11.13762,11052.6
123200,0.1757061,0.000177134705,11.13849,11060.7
123300,0.1749012,0.000176946059,11.13930,11068.9
123400,0.1736238,0.00017675676,11.14031,11076.9
123500,0.1750604,0.0001765668,11.14122,11085.0
123600,0.1727490,0.000176376181,11.14233,11092.8
123700,0.1757558,0.000176184908,11.14336,11100.8
123800,0.1730086,0.000175992985,11.14406,11109.1
123900,0.1729705,0.000175800402,11.14516,11116.9
124000,0.1749999,0.000175607176,11.14639,11124.7
124100,0.1780622,0.0001754133,11.14763,11132.4
124200,0.1707660,0.000175218781,11.14847,11140.5
124300,0.1742157,0.000175023618,11.14932,11148.7
124400,0.1750712,0.000174827812,11.15027,11156.7
124500,0.1758365,0.000174631367,11.15129,11164.6
124600,0.1758111,0.000174434283,11.15237,11172.5
124700,0.1742622,0.000174236567,11.15355,11180.3
124800,0.1749810,0.000174038212,11.15474,11188.1
124900,0.1773203,0.000173839225,11.15579,11196.0
125000,0.1754669,0.000173639609,11.15668,11204.0
125100,0.1731566,0.000173439366,11.15781,11211.9
125200,0.1726109,0.000173238496,11.15863,11220.0
125300,0.1771301,0.000173037003,11.15982,11227.8
125400,0.1752047,0.000172834888,11.16051,11236.0
125500,0.1726852,0.00017263215,11.16131,11244.2
125600,0.1766824,0.000172428796,11.16265,11251.8
125700,0.1728724,0.000172224824,11.16386,11259.5
125800,0.1735816,0.000172020242,11.16487,11267.5
125900,0.1737442,0.000171815047,11.16573,11275.6
126000,0.1752878,0.000171609241,11.16676,11283.5
126100,0.1766331,0.000171402824,11.16795,11291.2
126200,0.1745635,0.000171195806,11.16910,11299.0
126300,0.1751335,0.000170988181,11.17021,11306.9
126400,0.1739855,0.000170779951,11.17114,11314.9
126500,0.1735669,0.00017057113,11.17225,11322.7
126600,0.1752950,0.000170361703,11.17337,11330.5
126700,0.1747317,0.000170151681,11.17442,11338.4
126800,0.1745364,0.000169941068,11.17541,11346.3
126900,0.1734143,0.00016972986,11.17649,11354.2
127000,0.1744013,0.000169518068,11.17746,11362.1
127100,0.1762979,0.000169305685,11.17844,11370.1
127200,0.1748516,0.000169092718,11.17957,11377.9
127300,0.1733085,0.000168879166,11.18061,11385.8
127400,0.1732953,0.000168665034,11.18151,11393.8
127500,0.1741540,0.000168450323,11.18238,11401.9
127600,0.1716433,0.000168235039,11.18323,11409.9
127700,0.1748989,0.000168019174,11.18418,11417.9
127800,0.1733318,0.000167802736,11.18506,11426.0
127900,0.1752506,0.000167585735,11.18607,11433.9
128000,0.1756239,0.000167368159,11.18704,11441.8
128100,0.1759549,0.000167150021,11.18805,11449.7
128200,0.1748615,0.000166931319,11.18912,11457.6
128300,0.1775474,0.000166712048,11.19018,11465.4
128400,0.1759859,0.00016649222,11.19137,11473.1
128500,0.1747712,0.000166271839,11.19207,11481.3
128600,0.1752428,0.0001660509,11.19296,11489.4
128700,0.1772525,0.000165829408,11.19391,11497.3
128800,0.1749865,0.00016560737,11.19506,11505.1
128900,0.1744197,0.000165384773,11.19585,11513.2
129000,0.1725881,0.000165161635,11.19680,11521.1
129100,0.1729967,0.000164937949,11.19747,11529.4
129200,0.1743840,0.000164713727,11.19835,11537.4
129300,0.1746415,0.000164488963,11.19915,11545.5
129400,0.1730855,0.000164263663,11.20020,11553.4
129500,0.1746520,0.000164037821,11.20116,11561.3
129600,0.1763781,0.000163811448,11.20215,11569.2
129700,0.1734642,0.000163584544,11.20302,11577.2
129800,0.1767763,0.000163357114,11.20390,11585.2
129900,0.1752562,0.000163129159,11.20465,11593.4
130000,0.1737024,0.000162900672,11.20534,11601.6
130100,0.1730963,0.000162671665,11.20487,11611.0
130200,0.1762831,0.000162442143,11.20547,11619.3
130300,0.1734198,0.000162212101,11.20613,11627.6
130400,0.1748739,0.000161981543,11.20689,11635.7
130500,0.1773287,0.000161750476,11.20780,11643.7
130600,0.1772921,0.000161518889,11.20875,11651.6
130700,0.1738083,0.000161286803,11.20981,11659.4
130800,0.1756477,0.000161054207,11.21071,11667.4
130900,0.1726788,0.000160821107,11.21179,11675.2
131000,0.1756000,0.000160587508,11.21296,11682.9
131100,0.1750305,0.0001603534,11.21394,11690.8
131200,0.1762718,0.000160118803,11.21498,11698.6
131300,0.1757921,0.000159883713,11.21585,11706.6
131400,0.1746768,0.000159648129,11.21686,11714.5
131500,0.1724855,0.000159412057,11.21786,11722.4
131600,0.1752962,0.000159175491,11.21887,11730.2
131700,0.1722328,0.000158938443,11.22009,11737.9
131800,0.1747168,0.000158700912,11.22093,11745.9
131900,0.1735307,0.000158462903,11.22150,11754.2
132000,0.1737165,0.000158224407,11.22240,11762.2
132100,0.1744126,0.000157985449,11.22325,11770.2
132200,0.1739690,0.000157746003,11.22403,11778.3
132300,0.1737040,0.000157506101,11.22499,11786.2
132400,0.1745642,0.000157265716,11.22596,11794.1
132500,0.1736614,0.000157024864,11.22694,11802.0
132600,0.1744168,0.000156783562,11.22792,11809.8
132700,0.1756289,0.000156541787,11.22868,11818.0
132800,0.1768473,0.000156299562,11.22960,11825.9
132900,0.1739349,0.000156056871,11.23079,11833.5
133000,0.1756693,0.000155813734,11.23172,11841.5
133100,0.1732171,0.000155570136,11.23268,11849.4
133200,0.1727114,0.000155326087,11.23370,11857.2
133300,0.1736723,0.000155081598,11.23471,11865.0
133400,0.1764624,0.000154836659,11.23555,11873.0
133500,0.1741755,0.000154591285,11.23641,11881.0
133600,0.1748421,0.000154345461,11.23733,11888.9
133700,0.1763262,0.000154099199,11.23824,11896.9
133800,0.1725227,0.000153852513,11.23918,11904.8
133900,0.1741097,0.000153605385,11.24031,11912.5
134000,0.1762476,0.000153357834,11.24149,11920.1
134100,0.1762743,0.000153109847,11.24251,11927.9
134200,0.1738013,0.000152861435,11.24351,11935.8
134300,0.1738253,0.000152612609,11.24458,11943.5
134400,0.1744760,0.000152363351,11.24572,11951.2
134500,0.1704064,0.000152113686,11.24681,11958.9
134600,0.1727488,0.000151863596,11.24791,11966.7
134700,0.1744318,0.000151613102,11.24911,11974.3
134800,0.1748980,0.00015136219,11.25026,11981.9
134900,0.1740233,0.000151110867,11.25143,11989.6
135000,0.1741170,0.000150859147,11.25266,11997.2
135100,0.1753937,0.000150607016,11.25380,12004.8
135200,0.1727699,0.000150354494,11.25490,12012.6
135300,0.1748705,0.000150101562,11.25583,12020.4
135400,0.1736117,0.000149848238,11.25701,12028.1
135500,0.1740449,0.000149594528,11.25792,12036.0
135600,0.1738755,0.000149340418,11.25902,12043.7
135700,0.1788326,0.000149085928,11.26002,12051.5
135800,0.1747929,0.000148831043,11.26088,12059.5
135900,0.1725072,0.000148575777,11.26172,12067.4
136000,0.1728715,0.000148320138,11.26286,12075.1
136100,0.1756749,0.000148064111,11.26382,12082.9
136200,0.1735125,0.000147807718,11.26481,12090.7
136300,0.1732374,0.000147550942,11.26590,12098.5
136400,0.1727643,0.000147293807,11.26692,12106.2
136500,0.1753445,0.000147036293,11.26797,12114.0
136600,0.1733857,0.000146778412,11.26889,12121.9
136700,0.1754252,0.00014652018,11.26993,12129.6
136800,0.1723943,0.000146261578,11.27089,12137.5
136900,0.1719624,0.000146002626,11.27169,12145.5
137000,0.1727367,0.00014574331,11.27267,12153.3
137100,0.1769939,0.00014548364,11.27357,12161.2
137200,0.1745088,0.000145223632,11.27436,12169.2
137300,0.1739685,0.000144963265,11.27521,12177.2
137400,0.1749993,0.000144702562,11.27618,12185.0
137500,0.1728607,0.000144441508,11.27717,12192.8
137600,0.1751615,0.000144180114,11.27806,12200.7
137700,0.1733876,0.000143918392,11.27882,12208.7
137800,0.1723800,0.000143656327,11.27966,12216.7
137900,0.1728562,0.000143393937,11.28056,12224.6
138000,0.1751254,0.000143131209,11.28129,12232.6
138100,0.1734903,0.000142868154,11.28208,12240.7
138200,0.1749794,0.000142604785,11.28309,12248.4
138300,0.1740764,0.000142341084,11.28408,12256.2
138400,0.1747423,0.000142077071,11.28510,12264.0
138500,0.1754529,0.000141812734,11.28615,12271.7
138600,0.1733493,0.000141548094,11.28724,12279.4
138700,0.1732001,0.000141283132,11.28823,12287.1
138800,0.1733406,0.000141017859,11.28925,12294.9
138900,0.1759040,0.000140752293,11.29030,12302.6
139000,0.1701503,0.000140486411,11.29119,12310.5
139100,0.1733127,0.00014022024,11.29200,12318.5
139200,0.1720109,0.00013995376,11.29290,12326.3
139300,0.1724788,0.000139686984,11.29393,12334.1
139400,0.1739907,0.000139419925,11.29489,12341.9
139500,0.1728408,0.000139152565,11.29586,12349.7
139600,0.1736695,0.000138884929,11.29673,12357.6
139700,0.1737237,0.000138616998,11.29752,12365.5
139800,0.1723818,0.000138348782,11.29828,12373.6
139900,0.1703167,0.000138080298,11.29917,12381.4
140000,0.1747573,0.000137811528,11.29997,12389.4
140100,0.1757091,0.000137542491,11.29976,12398.5
140200,0.1718907,0.000137273173,11.30112,12405.9
140300,0.1729025,0.000137003595,11.30248,12413.2
140400,0.1744979,0.000136733744,11.30368,12420.7
140500,0.1734786,0.000136463626,11.30437,12428.8
140600,0.1746260,0.000136193257,11.30521,12436.7
140700,0.1740280,0.000135922619,11.30600,12444.7
140800,0.1728984,0.000135651738,11.30670,12452.8
140900,0.1735736,0.000135380593,11.30759,12460.7
141000,0.1721482,0.000135109197,11.30833,12468.7
141100,0.1762624,0.000134837561,11.30907,12476.7
141200,0.1738478,0.000134565671,11.30969,12484.9
141300,0.1738398,0.00013429355,11.31053,12492.8
141400,0.1743674,0.00013402118,11.31123,12500.8
141500,0.1744634,0.000133748571,11.31194,12508.9
141600,0.1745114,0.000133475737,11.31277,12516.8
141700,0.1725450,0.000133202661,11.31363,12524.7
141800,0.1724894,0.000132929368,11.31446,12532.6
141900,0.1740910,0.000132655839,11.31539,12540.4
142000,0.1764584,0.000132382095,11.31625,12548.3
142100,0.1741586,0.00013210812,11.31702,12556.3
142200,0.1749470,0.000131833927,11.31779,12564.3
142300,0.1756415,0.000131559529,11.31853,12572.3
142400,0.1728265,0.000131284908,11.31928,12580.3
142500,0.1752146,0.000131010088,11.31994,12588.4
142600,0.1741167,0.000130735049,11.32080,12596.3
142700,0.1731312,0.000130459806,11.32158,12604.3
142800,0.1740092,0.000130184371,11.32239,12612.2
142900,0.1750768,0.000129908726,11.32332,12620.0
143000,0.1722195,0.000129632896,11.32412,12627.9
143100,0.1762313,0.000129356861,11.32495,12635.8
143200,0.1742937,0.000129080635,11.32585,12643.6
143300,0.1728031,0.000128804231,11.32672,12651.5
143400,0.1740964,0.000128527632,11.32760,12659.3
143500,0.1725998,0.000128250861,11.32829,12667.4
143600,0.1738392,0.000127973897,11.32890,12675.6
143700,0.1767361,0.000127696758,11.32973,12683.4
143800,0.1732367,0.000127419454,11.33081,12691.1
143900,0.1760339,0.000127141967,11.33213,12698.4
144000,0.1737786,0.000126864321,11.33344,12705.8
144100,0.1710419,0.000126586499,11.33475,12713.1
144200,0.1740323,0.000126308524,11.33605,12720.5
144300,0.1713280,0.000126030376,11.33735,12727.8
144400,0.1728696,0.000125752072,11.33860,12735.3
144500,0.1720051,0.000125473621,11.33934,12743.2
144600,0.1756699,0.000125195008,11.33998,12751.3
144700,0.1738359,0.000124916255,11.34068,12759.4
144800,0.1729036,0.000124637344,11.34144,12767.3
144900,0.1724133,0.00012435829,11.34226,12775.2
145000,0.1734094,0.000124079104,11.34290,12783.3
145100,0.1738207,0.000123799768,11.34348,12791.5
145200,0.1746041,0.000123520306,11.34424,12799.4
145300,0.1726576,0.000123240702,11.34498,12807.4
145400,0.1722497,0.000122960965,11.34576,12815.4
145500,0.1730650,0.000122681113,11.34649,12823.4
145600,0.1718847,0.000122401124,11.34723,12831.3
145700,0.1739284,0.000122121022,11.34799,12839.3
145800,0.1716515,0.000121840791,11.34887,12847.1
145900,0.1752175,0.000121560454,11.34958,12855.1
146000,0.1747722,0.000121279991,11.35029,12863.1
146100,0.1719973,0.000120999418,11.35095,12871.2
146200,0.1737706,0.000120718747,11.35155,12879.3
146300,0.1718910,0.000120437959,11.35180,12887.8
146400,0.1734779,0.000120157079,11.35202,12896.4
146500,0.1732325,0.000119876088,11.35217,12905.0
146600,0.1731339,0.000119595,11.35208,12913.9
146700,0.1735189,0.000119313827,11.35197,12922.9
146800,0.1742901,0.000119032552,11.35200,12931.6
146900,0.1734614,0.000118751198,11.35203,12940.4
147000,0.1737905,0.000118469748,11.35196,12949.3
147100,0.1734249,0.000118188213,11.35191,12958.2
147200,0.1736754,0.000117906609,11.35202,12966.9
147300,0.1714880,0.000117624916,11.35196,12975.7
147400,0.1709946,0.000117343158,11.35198,12984.5
147500,0.1733324,0.000117061318,11.35233,12992.9
147600,0.1721835,0.000116779418,11.35276,13001.2
147700,0.1752017,0.00011649744,11.35298,13009.8
147800,0.1731615,0.000116215398,11.35324,13018.3
147900,0.1733667,0.000115933307,11.35342,13026.9
148000,0.1716616,0.000115651145,11.35343,13035.7
148100,0.1749203,0.000115368939,11.35356,13044.4
148200,0.1744179,0.000115086668,11.35376,13052.9
148300,0.1694068,0.000114804348,11.35399,13061.5
148400,0.1736709,0.000114521991,11.35398,13070.3
148500,0.1764590,0.000114239578,11.35411,13079.0
148600,0.1730942,0.000113957135,11.35429,13087.6
148700,0.1704011,0.000113674641,11.35480,13095.8
148800,0.1732296,0.000113392112,11.35525,13104.1
148900,0.1744864,0.000113109559,11.35573,13112.3
149000,0.1736723,0.000112826965,11.35611,13120.7
149100,0.1732138,0.000112544355,11.35650,13129.0
149200,0.1725888,0.000112261708,11.35675,13137.6
149300,0.1735639,0.000111979039,11.35716,13145.9
149400,0.1726306,0.000111696361,11.35727,13154.6
149500,0.1746197,0.000111413655,11.35743,13163.2
149600,0.1727972,0.000111130947,11.35761,13171.8
149700,0.1740245,0.000110848216,11.35772,13180.5
149800,0.1738502,0.000110565488,11.35808,13188.9
149900,0.1717502,0.000110282743,11.35852,13197.1
150000,0.1750006,0.000109999996,11.35875,13205.7
150100,0.1722308,0.00010971726,11.35751,13215.9
150200,0.1726139,0.000109434515,11.35784,13224.3
150300,0.1737965,0.000109151787,11.35800,13233.0
150400,0.1720987,0.000108869056,11.35824,13241.5
150500,0.1713639,0.000108586337,11.35857,13249.9
150600,0.1743996,0.000108303642,11.35897,13258.2
150700,0.1734905,0.000108020954,11.35949,13266.4
150800,0.1712921,0.000107738295,11.36003,13274.6
150900,0.1728642,0.000107455648,11.36047,13282.9
151000,0.1738563,0.000107173026,11.36063,13291.5
151100,0.1757326,0.000106890444,11.36097,13299.9
151200,0.1734398,0.00010660788,11.36123,13308.4
151300,0.1716955,0.000106325362,11.36160,13316.8
151400,0.1737014,0.000106042868,11.36194,13325.2
151500,0.1730963,0.000105760425,11.36235,13333.5
151600,0.1735967,0.000105478012,11.36283,13341.8
151700,0.1715182,0.000105195644,11.36329,13350.0
151800,0.1738465,0.000104913334,11.36377,13358.2
151900,0.1703191,0.000104631064,11.36436,13366.4
152000,0.1740194,0.000104348858,11.36492,13374.5
152100,0.1722429,0.000104066696,11.36547,13382.6
152200,0.1715673,0.000103784593,11.36584,13391.0
152300,0.1729122,0.000103502563,11.36618,13399.4
152400,0.1716098,0.000103220585,11.36659,13407.7
152500,0.1716611,0.000102938685,11.36712,13415.9
152600,0.1739867,0.000102656845,11.36761,13424.1
152700,0.1744924,0.000102375076,11.36800,13432.4
152800,0.1741381,0.000102093394,11.36825,13440.9
152900,0.1749729,0.000101811778,11.36841,13449.6
153000,0.1714873,0.000101530255,11.36883,13457.8
153100,0.1719329,0.000101248804,11.36910,13466.3
153200,0.1725700,0.000100967451,11.36937,13474.8
153300,0.1734126,0.000100686176,11.36979,13483.1
153400,0.1709986,0.000100404993,11.37004,13491.6
153500,0.1747147,0.000100123915,11.37037,13500.0
153600,0.1735331,9.98429237e-05,11.37073,13508.4
153700,0.1754097,9.95620435e-05,11.37103,13516.8
153800,0.1719758,9.92812558e-05,11.37129,13525.3
153900,0.1715114,9.9000574e-05,11.37143,13533.9
154000,0.1722557,9.87200116e-05,11.37153,13542.6
154100,0.1734475,9.84395491e-05,11.37168,13551.2
154200,0.1728405,9.81592113e-05,11.37186,13559.8
154300,0.1757163,9.78789808e-05,11.37201,13568.4
154400,0.1744341,9.75988697e-05,11.37236,13576.8
154500,0.1731019,9.73188913e-05,11.37259,13585.3
154600,0.1741303,9.70390269e-05,11.37288,13593.7
154700,0.1720660,9.6759302e-05,11.37297,13602.4
154800,0.1730091,9.64796965e-05,11.37317,13611.0
154900,0.1724953,9.62002237e-05,11.37339,13619.5
155000,0.1696741,9.59208998e-05,11.37386,13627.7
155100,0.1711795,9.5641702e-05,11.37409,13636.3
155200,0.1711008,9.53626584e-05,11.37407,13645.1
155300,0.1737244,9.50837475e-05,11.37412,13653.8
155400,0.1734757,9.48049949e-05,11.37438,13662.3
155500,0.1734267,9.45263818e-05,11.37444,13671.0
155600,0.1736453,9.42479202e-05,11.37479,13679.4
155700,0.1755062,9.39696263e-05,11.37518,13687.7
155800,0.1730934,9.36914799e-05,11.37568,13695.9
155900,0.1740602,9.34135038e-05,11.37626,13704.0
156000,0.1735368,9.31356819e-05,11.37677,13712.2
156100,0.1705488,9.28580263e-05,11.37708,13720.6
156200,0.1719503,9.25805491e-05,11.37737,13729.0
156300,0.1730263,9.23032355e-05,11.37744,13737.7
156400,0.1723493,9.20261057e-05,11.37761,13746.3
156500,0.1731994,9.17491421e-05,11.37794,13754.7
156600,0.1727853,9.14723596e-05,11.37811,13763.3
156700,0.1731205,9.11957715e-05,11.37837,13771.7
156800,0.1742005,9.09193565e-05,11.37863,13780.2
156900,0.1744178,9.06431413e-05,11.37909,13788.5
157000,0.1702520,9.03671071e-05,11.37947,13796.8
157100,0.1716494,9.00912768e-05,11.38000,13804.9
157200,0.1741325,8.98156315e-05,11.38053,13813.1
157300,0.1737806,8.95401874e-05,11.38093,13821.4
157400,0.1710855,8.92649539e-05,11.38142,13829.6
157500,0.1728064,8.89899148e-05,11.38192,13837.7
157600,0.1734337,8.87150943e-05,11.38237,13846.0
157700,0.1735113,8.84404737e-05,11.38288,13854.1
157800,0.1731800,8.81660649e-05,11.38331,13862.4
157900,0.1706087,8.78918828e-05,11.38385,13870.5
158000,0.1734614,8.76179072e-05,11.38453,13878.5
158100,0.1733848,8.73441637e-05,11.38502,13886.7
158200,0.1738906,8.70706347e-05,11.38554,13894.8
158300,0.1738456,8.6797331e-05,11.38605,13903.0
158400,0.1742800,8.6524266e-05,11.38650,13911.2
158500,0.1728659,8.62514237e-05,11.38694,13919.5
158600,0.1722242,8.59788254e-05,11.38738,13927.7
158700,0.1726930,8.57064524e-05,11.38772,13936.1
158800,0.1752209,8.54343316e-05,11.38819,13944.3
158900,0.1730140,8.51624414e-05,11.38868,13952.4
159000,0.1713819,8.4890798e-05,11.38908,13960.7
159100,0.1728949,8.46194094e-05,11.38942,13969.1
159200,0.1725420,8.43482649e-05,11.38981,13977.4
159300,0.1750080,8.40773833e-05,11.39033,13985.5
159400,0.1744043,8.38067457e-05,11.39062,13994.0
159500,0.1710013,8.35363656e-05,11.39085,14002.5
159600,0.1739256,8.32662591e-05,11.39116,14010.9
159700,0.1746363,8.29964074e-05,11.39149,14019.2
159800,0.1721688,8.27268293e-05,11.39170,14027.8
159900,0.1744516,8.24575114e-05,11.39187,14036.3
160000,0.1739811,8.21884671e-05,11.39224,14044.7
160100,0.1716897,8.19197044e-05,11.39134,14054.5
160200,0.1743405,8.16512099e-05,11.39169,14062.9
160300,0.1729246,8.13830051e-05,11.39209,14071.2
160400,0.1739702,8.11150739e-05,11.39247,14079.5
160500,0.1707061,8.0847427e-05,11.39279,14087.9
160600,0.1723486,8.05800778e-05,11.39301,14096.4
160700,0.1732237,8.03130102e-05,11.39319,14104.9
160800,0.1725726,8.00462431e-05,11.39338,14113.5
160900,0.1726840,7.97797629e-05,11.39355,14122.0
161000,0.1743630,7.95135912e-05,11.39379,14130.5
161100,0.1747119,7.92477092e-05,11.39393,14139.1
161200,0.1719226,7.8982133e-05,11.39415,14147.6
161300,0.1734333,7.87168705e-05,11.39449,14156.0
161400,0.1743670,7.84519085e-05,11.39469,14164.5
161500,0.1705017,7.81872684e-05,11.39462,14173.4
161600,0.1719261,7.79229313e-05,11.39484,14181.9
161700,0.1728180,7.76589108e-05,11.39510,14190.3
161800,0.1729469,7.73952174e-05,11.39557,14198.5
161900,0.1730639,7.71318379e-05,11.39587,14206.9
162000,0.1738212,7.68687937e-05,11.39621,14215.3
162100,0.1702883,7.66060659e-05,11.39660,14223.5
162200,0.1741397,7.63436654e-05,11.39695,14231.9
162300,0.1731908,7.60816109e-05,11.39732,14240.2
162400,0.1718308,7.58198783e-05,11.39774,14248.4
162500,0.1727358,7.55584943e-05,11.39804,14256.8
162600,0.1743430,7.52974403e-05,11.39827,14265.3
162700,0.1727545,7.50367376e-05,11.39874,14273.5
162800,0.1746818,7.47763702e-05,11.39924,14281.7
162900,0.1718448,7.45163515e-05,11.39976,14289.8
163000,0.1744836,7.42566922e-05,11.40021,14298.0
163100,0.1717161,7.39973763e-05,11.40062,14306.2
163200,0.1721623,7.37384251e-05,11.40097,14314.6
163300,0.1745831,7.34798226e-05,11.40121,14323.0
163400,0.1739698,7.32215795e-05,11.40160,14331.3
163500,0.1722132,7.29637092e-05,11.40199,14339.6
163600,0.1709856,7.27061957e-05,11.40247,14347.8
163700,0.1720453,7.24490604e-05,11.40271,14356.2
163800,0.1731293,7.21922845e-05,11.40320,14364.4
163900,0.1729982,7.19358814e-05,11.40352,14372.7
164000,0.1713194,7.16798538e-05,11.40405,14380.9
164100,0.1724090,7.14242259e-05,11.40429,14389.3
164200,0.1715788,7.11689574e-05,11.40478,14397.5
164300,0.1748258,7.09140751e-05,11.40508,14405.9
164400,0.1706949,7.06595764e-05,11.40540,14414.2
164500,0.1728482,7.04054666e-05,11.40569,14422.6
164600,0.1728613,7.01517645e-05,11.40580,14431.3
164700,0.1736798,6.98984405e-05,11.40605,14439.7
164800,0.1742895,6.96455082e-05,11.40638,14448.1
164900,0.1704040,6.93929756e-05,11.40683,14456.3
165000,0.1705836,6.91408452e-05,11.40696,14464.9
165100,0.1721501,6.8889136e-05,11.40707,14473.5
165200,0.1724552,6.8637813e-05,11.40739,14481.8
165300,0.1735756,6.83869004e-05,11.40779,14490.1
165400,0.1732497,6.81363955e-05,11.40824,14498.3
165500,0.1724100,6.78863251e-05,11.40865,14506.5
165600,0.1719783,6.76366517e-05,11.40903,14514.8
165700,0.1697688,6.7387394e-05,11.40948,14523.0
165800,0.1706385,6.71385601e-05,11.40992,14531.2
165900,0.1723437,6.68901473e-05,11.41015,14539.7
166000,0.1718494,6.66421771e-05,11.41065,14547.8
166100,0.1726797,6.63946173e-05,11.41113,14556.0
166200,0.1741313,6.61474892e-05,11.41155,14564.2
166300,0.1696410,6.59007931e-05,11.41174,14572.7
166400,0.1750028,6.56545314e-05,11.41179,14581.4
166500,0.1742354,6.54087284e-05,11.41201,14589.9
166600,0.1727731,6.51633438e-05,11.41215,14598.5
166700,0.1711823,6.49184018e-05,11.41226,14607.1
166800,0.1716265,6.46739078e-05,11.41238,14615.7
166900,0.1756628,6.44298589e-05,11.41241,14624.4
167000,0.1728317,6.41862822e-05,11.41266,14632.9
167100,0.1737380,6.39431345e-05,11.41274,14641.5
167200,0.1727202,6.37004429e-05,11.41279,14650.2
167300,0.1709616,6.34582072e-05,11.41319,14658.5
167400,0.1717362,6.32164329e-05,11.41358,14666.7
167500,0.1709543,6.2975136e-05,11.41411,14674.8
167600,0.1723117,6.27342844e-05,11.41466,14682.9
167700,0.1734287,6.24939048e-05,11.41508,14691.1
167800,0.1726257,6.22539866e-05,11.41544,14699.4
167900,0.1725538,6.20145458e-05,11.41581,14707.7
168000,0.1752392,6.17755932e-05,11.41615,14716.0
168100,0.1718199,6.15371019e-05,11.41655,14724.2
168200,0.1718006,6.1299088e-05,11.41697,14732.5
168300,0.1730338,6.10615516e-05,11.41740,14740.7
168400,0.1741205,6.08244979e-05,11.41771,14749.0
168500,0.1710018,6.05879539e-05,11.41826,14757.1
168600,0.1730452,6.03518713e-05,11.41874,14765.2
168700,0.1728936,6.01162875e-05,11.41918,14773.4
168800,0.1712326,5.98811865e-05,11.41960,14781.6
168900,0.1703762,5.96465898e-05,11.42008,14789.7
169000,0.1731310,5.94125026e-05,11.42054,14797.9
169100,0.1719717,5.91788983e-05,11.42091,14806.2
169200,0.1719482,5.89457929e-05,11.42143,14814.3
169300,0.1717972,5.87131917e-05,11.42169,14822.7
169400,0.1735672,5.84811163e-05,11.42205,14831.0
169500,0.1711455,5.82495344e-05,11.42235,14839.3
169600,0.1695696,5.80184567e-05,11.42271,14847.6
169700,0.1743775,5.7787894e-05,11.42305,14855.9
169800,0.1714400,5.75578517e-05,11.42368,14863.9
169900,0.1725111,5.73283404e-05,11.42414,14872.0
170000,0.1731453,5.70993334e-05,11.42463,14880.1
170100,0.1727076,5.68708467e-05,11.42419,14889.5
170200,0.1714276,5.66428858e-05,11.42467,14897.6
170300,0.1722575,5.64154452e-05,11.42504,14905.8
170400,0.1738783,5.61885571e-05,11.42546,14914.1
170500,0.1719186,5.59621841e-05,11.42579,14922.4
170600,0.1727568,5.57363421e-05,11.42610,14930.7
170700,0.1749213,5.55110365e-05,11.42664,14938.8
170800,0.1723870,5.52862674e-05,11.42707,14947.0
170900,0.1714866,5.50620562e-05,11.42755,14955.1
171000,0.1738952,5.48383707e-05,11.42809,14963.1
171100,0.1727624,5.4615227e-05,11.42844,14971.4
171200,0.1730882,5.43926305e-05,11.42890,14979.6
171300,0.1740933,5.41705865e-05,11.42939,14987.7
171400,0.1738243,5.39491057e-05,11.42992,14995.7
171500,0.1714820,5.37281615e-05,11.43050,15003.7
171600,0.1713357,5.35077751e-05,11.43089,15012.0
171700,0.1718860,5.32879466e-05,11.43106,15020.5
171800,0.1718239,5.3068676e-05,11.43130,15028.9
171900,0.1727194,5.28499848e-05,11.43145,15037.5
172000,0.1717814,5.26318407e-05,11.43161,15046.0
172100,0.1740657,5.24142653e-05,11.43173,15054.6
172200,0.1737916,5.21972585e-05,11.43192,15063.1
172300,0.1720795,5.19808203e-05,11.43208,15071.6
172400,0.1725984,5.17649668e-05,11.43227,15080.1
172500,0.1716978,5.15496767e-05,11.43237,15088.7
172600,0.1736104,5.13349658e-05,11.43257,15097.2
172700,0.1707944,5.1120829e-05,11.43271,15105.8
172800,0.1720748,5.09072876e-05,11.43289,15114.3
172900,0.1722855,5.06943202e-05,11.43302,15122.9
173000,0.1733364,5.04819322e-05,11.43327,15131.3
173100,0.1731835,5.02701342e-05,11.43355,15139.7
173200,0.1733741,5.00589263e-05,11.43396,15147.9
173300,0.1714461,4.98483247e-05,11.43436,15156.1
173400,0.1703451,4.96383023e-05,11.43472,15164.3
173500,0.1720701,4.94288754e-05,11.43498,15172.7
173600,0.1726430,4.9220044e-05,11.43520,15181.2
173700,0.1725053,4.90118134e-05,11.43537,15189.7
173800,0.1727740,4.88042051e-05,11.43564,15198.1
173900,0.1764925,4.85971814e-05,11.43590,15206.5
174000,0.1709932,4.83907586e-05,11.43614,15214.9
174100,0.1717817,4.81849527e-05,11.43664,15223.0
174200,0.1729156,4.7979753e-05,11.43684,15231.5
174300,0.1709340,4.77751809e-05,11.43690,15240.1
174400,0.1736613,4.75712043e-05,11.43709,15248.6
174500,0.1697889,4.73678499e-05,11.43722,15257.2
174600,0.1719622,4.71651071e-05,11.43771,15265.3
174700,0.1713607,4.6962992e-05,11.43778,15273.9
174800,0.1741713,4.67615098e-05,11.43788,15282.6
174900,0.1741292,4.65606338e-05,11.43803,15291.1
175000,0.1701392,4.63603908e-05,11.43823,15299.6
175100,0.1712560,4.61607701e-05,11.43860,15307.8
175200,0.1736952,4.59617823e-05,11.43891,15316.1
175300,0.1720810,4.57634437e-05,11.43923,15324.5
175400,0.1740790,4.55657166e-05,11.43953,15332.8
175500,0.1707813,4.53686333e-05,11.43979,15341.2
175600,0.1735545,4.51721829e-05,11.44003,15349.6
175700,0.1727899,4.49763763e-05,11.44018,15358.1
175800,0.1734767,4.47812241e-05,11.44025,15366.8
175900,0.1715445,4.45866996e-05,11.44037,15375.4
176000,0.1719065,4.43928242e-05,11.44043,15384.0
176100,0.1718985,4.41995925e-05,11.44067,15392.5
176200,0.1728632,4.40070099e-05,11.44082,15401.0
176300,0.1720939,4.38150978e-05,11.44101,15409.5
176400,0.1713860,4.36238188e-05,11.44119,15418.0
176500,0.1741079,4.34331995e-05,11.44121,15426.7
176600,0.1715644,4.32432348e-05,11.44140,15435.2
176700,0.1719293,4.30539459e-05,11.44162,15443.6
176800,0.1742172,4.28653008e-05,11.44169,15452.3
176900,0.1745558,4.26773208e-05,11.44198,15460.6
177000,0.1700419,4.24900007e-05,11.44264,15468.5
177100,0.1726423,4.23033512e-05,11.44319,15476.5
177200,0.1722351,4.21173829e-05,11.44358,15484.7
177300,0.1732280,4.19320691e-05,11.44409,15492.7
177400,0.1731069,4.17474312e-05,11.44471,15500.6
177500,0.1702414,4.15634638e-05,11.44522,15508.7
177600,0.1720765,4.1380167e-05,11.44587,15516.5
177700,0.1691232,4.11975676e-05,11.44630,15524.7
177800,0.1708244,4.10156333e-05,11.44688,15532.6
177900,0.1748796,4.08343804e-05,11.44740,15540.6
178000,0.1725966,4.06538033e-05,11.44802,15548.5
178100,0.1702064,4.04739183e-05,11.44854,15556.6
178200,0.1722274,4.02947307e-05,11.44916,15564.5
178300,0.1716362,4.01162189e-05,11.44975,15572.4
178400,0.1761236,3.99383938e-05,11.45043,15580.2
178500,0.1724892,3.97612607e-05,11.45109,15588.0
178600,0.1730357,3.95848197e-05,11.45183,15595.8
178700,0.1712227,3.94090921e-05,11.45244,15603.7
178800,0.1737751,3.92340457e-05,11.45288,15611.8
178900,0.1729420,3.90596968e-05,11.45344,15619.8
179000,0.1759186,3.88860452e-05,11.45408,15627.6
179100,0.1743677,3.87131017e-05,11.45474,15635.4
179200,0.1724316,3.85408717e-05,11.45539,15643.3
179300,0.1704423,3.83693337e-05,11.45610,15651.1
179400,0.1730752,3.81984985e-05,11.45663,15659.1
179500,0.1695326,3.80283767e-05,11.45708,15667.2
179600,0.1742498,3.78589684e-05,11.45763,15675.1
179700,0.1711645,3.76902789e-05,11.45814,15683.2
179800,0.1711418,3.75222921e-05,11.45861,15691.3
179900,0.1703069,3.73550189e-05,11.45915,15699.2
180000,0.1736962,3.71884698e-05,11.45965,15707.3
180100,0.1711186,3.70226341e-05,11.45933,15716.5
180200,0.1721940,3.68575281e-05,11.45977,15724.6
180300,0.1711448,3.66931355e-05,11.46012,15732.8
180400,0.1735586,3.65294671e-05,11.46071,15740.7
180500,0.1706098,3.63665229e-05,11.46125,15748.7
180600,0.1731954,3.6204319e-05,11.46156,15757.0
180700,0.1704578,3.60428286e-05,11.46176,15765.5
180800,0.1749702,3.58820677e-05,11.46198,15773.9
180900,0.1716048,3.57220417e-05,11.46210,15782.4
181000,0.1718063,3.55627453e-05,11.46225,15791.0
181100,0.1735767,3.54041946e-05,11.46243,15799.4
181200,0.1721922,3.52463734e-05,11.46241,15808.2
181300,0.1722133,3.50892872e-05,11.46247,15816.8
181400,0.1732696,3.49329412e-05,11.46258,15825.4
181500,0.1736572,3.47773355e-05,11.46293,15833.6
181600,0.1712564,3.46224809e-05,11.46314,15842.1
181700,0.1717281,3.44683611e-05,11.46332,15850.6
181800,0.1719194,3.43149871e-05,11.46352,15859.0
181900,0.1696260,3.41623586e-05,11.46359,15867.6
182000,0.1734264,3.40104812e-05,11.46351,15876.5
182100,0.1699050,3.38593656e-05,11.46361,15885.0
182200,0.1686764,3.37089902e-05,11.46387,15893.4
182300,0.1719886,3.35593659e-05,11.46418,15901.7
182400,0.1732662,3.34104925e-05,11.46439,15910.1
182500,0.1684588,3.3262381e-05,11.46461,15918.6
182600,0.1741893,3.31150365e-05,11.46490,15926.9
182700,0.1694416,3.29684377e-05,11.46514,15935.3
182800,0.1728912,3.28226006e-05,11.46537,15943.7
182900,0.1703114,3.26775253e-05,11.46558,15952.1
183000,0.1690270,3.25332117e-05,11.46590,15960.4
183100,0.1709327,3.2389676e-05,11.46624,15968.6
183200,0.1719493,3.22468966e-05,11.46661,15976.8
183300,0.1692627,3.2104879e-05,11.46676,15985.3
183400,0.1701125,3.19636339e-05,11.46686,15993.9
183500,0.1722482,3.18231612e-05,11.46696,16002.5
183600,0.1698271,3.16834664e-05,11.46709,16011.0
183700,0.1724941,3.15445334e-05,11.46724,16019.5
183800,0.1715311,3.14063781e-05,11.46748,16027.9
183900,0.1720301,3.12689954e-05,11.46769,16036.4
184000,0.1709048,3.11324066e-05,11.46783,16044.9
184100,0.1731401,3.09965795e-05,11.46811,16053.2
184200,0.1698022,3.08615357e-05,11.46818,16061.8
184300,0.1753698,3.07272696e-05,11.46832,16070.4
184400,0.1744460,3.05937868e-05,11.46849,16078.8
184500,0.1733841,3.0461098e-05,11.46865,16087.3
184600,0.1736650,3.03291869e-05,11.46873,16095.9
184700,0.1709544,3.01980591e-05,11.46885,16104.5
184800,0.1697272,3.00677198e-05,11.46894,16113.1
184900,0.1721768,2.99381691e-05,11.46905,16121.7
185000,0.1709968,2.98094177e-05,11.46924,16130.1
185100,0.1693040,2.96814495e-05,11.46929,16138.7
185200,0.1713477,2.95542699e-05,11.46938,16147.3
185300,0.1720584,2.94278896e-05,11.46944,16156.0
185400,0.1724315,2.93023032e-05,11.46952,16164.6
185500,0.1696488,2.91775215e-05,11.46964,16173.1
185600,0.1695036,2.90535283e-05,11.46976,16181.7
185700,0.1720523,2.89303344e-05,11.46984,16190.3
185800,0.1701992,2.88079399e-05,11.47011,16198.6
185900,0.1738184,2.868635e-05,11.47015,16207.3
186000,0.1719170,2.85655701e-05,11.47038,16215.7
186100,0.1732963,2.84455842e-05,11.47051,16224.2
186200,0.1722508,2.83264029e-05,11.47069,16232.7
186300,0.1721143,2.82080263e-05,11.47083,16241.2
186400,0.1734261,2.80904597e-05,11.47101,16249.7
186500,0.1709375,2.79737085e-05,11.47112,16258.2
186600,0.1735852,2.78577566e-05,11.47121,16266.8
186700,0.1712980,2.77426201e-05,11.47129,16275.4
186800,0.1742416,2.76282936e-05,11.47157,16283.7
186900,0.1736912,2.75147772e-05,11.47189,16292.0
187000,0.1710735,2.74020869e-05,11.47223,16300.2
187100,0.1712830,2.72902012e-05,11.47230,16308.8
187200,0.1738034,2.71791309e-05,11.47256,16317.2
187300,0.1707007,2.70688814e-05,11.47267,16325.8
187400,0.1727568,2.69594473e-05,11.47292,16334.1
187500,0.1708577,2.68508446e-05,11.47314,16342.5
187600,0.1710584,2.6743052e-05,11.47332,16351.0
187700,0.1736566,2.66360801e-05,11.47352,16359.4
187800,0.1720389,2.65299344e-05,11.47358,16368.0
187900,0.1698698,2.64246148e-05,11.47376,16376.5
188000,0.1715560,2.63201159e-05,11.47384,16385.1
188100,0.1722685,2.62164432e-05,11.47397,16393.6
188200,0.1716303,2.61135966e-05,11.47405,16402.2
188300,0.1725243,2.60115814e-05,11.47411,16410.9
188400,0.1727517,2.59103978e-05,11.47422,16419.4
188500,0.1727018,2.58100402e-05,11.47430,16428.0
188600,0.1729585,2.57105088e-05,11.47443,16436.5
188700,0.1724111,2.56118143e-05,11.47458,16445.0
188800,0.1726080,2.55139512e-05,11.47477,16453.5
188900,0.1720079,2.5416925e-05,11.47505,16461.8
189000,0.1703501,2.53207302e-05,11.47528,16470.2
189100,0.1720764,2.52253723e-05,11.47528,16478.9
189200,0.1714599,2.51308513e-05,11.47541,16487.4
189300,0.1711517,2.50371671e-05,11.47554,16496.0
189400,0.1731141,2.49443251e-05,11.47553,16504.7
189500,0.1709186,2.485232e-05,11.47560,16513.3
189600,0.1728290,2.47611517e-05,11.47570,16521.9
189700,0.1739734,2.46708256e-05,11.47571,16530.6
189800,0.1696791,2.45813417e-05,11.47568,16539.3
189900,0.1742591,2.44927108e-05,11.47562,16548.1
190000,0.1715611,2.44049168e-05,11.47562,16556.8
190100,0.1721022,2.43179649e-05,11.47434,16567.4
190200,0.1664356,2.42318553e-05,11.47432,16576.1
190300,0.1710954,2.41465986e-05,11.47423,16585.0
190400,0.1734548,2.40621948e-05,11.47448,16593.3
190500,0.1741632,2.39786279e-05,11.47454,16602.0
190600,0.1723344,2.3895914e-05,11.47468,16610.5
190700,0.1720827,2.38140476e-05,11.47476,16619.1
190800,0.1726047,2.37330341e-05,11.47485,16627.7
190900,0.1721558,2.3652879e-05,11.47497,16636.2
191000,0.1720285,2.35735661e-05,11.47502,16644.9
191100,0.1707607,2.34951115e-05,11.47504,16653.5
191200,0.1726494,2.34175098e-05,11.47517,16662.1
191300,0.1732766,2.33407557e-05,11.47532,16670.6
191400,0.1732244,2.32648706e-05,11.47541,16679.1
191500,0.1725837,2.31898332e-05,11.47538,16687.9
191600,0.1723819,2.3115654e-05,11.47556,16696.4
191700,0.1740695,2.30423278e-05,11.47576,16704.8
191800,0.1724831,2.29698706e-05,11.47597,16713.2
191900,0.1696551,2.2898261e-05,11.47602,16721.8
192000,0.1693188,2.2827515e-05,11.47624,16730.2
192100,0.1731575,2.27576274e-05,11.47710,16737.7
192200,0.1716845,2.26886034e-05,11.47794,16745.2
192300,0.1712888,2.26204485e-05,11.47823,16753.5
192400,0.1697940,2.25531465e-05,11.47819,16762.2
192500,0.1697896,2.24867082e-05,11.47824,16770.9
192600,0.1745644,2.24211335e-05,11.47834,16779.4
192700,0.1723264,2.23564225e-05,11.47838,16788.1
192800,0.1719223,2.22925806e-05,11.47853,16796.6
192900,0.1724552,2.22296023e-05,11.47871,16805.0
193000,0.1727676,2.21674931e-05,11.47887,16813.5
193100,0.1728093,2.21062475e-05,11.47897,16822.1
193200,0.1726468,2.20458657e-05,11.47908,16830.6
193300,0.1694013,2.19863635e-05,11.47921,16839.1
193400,0.1719952,2.19277197e-05,11.47936,16847.6
193500,0.1727989,2.18699449e-05,11.48012,16855.2
193600,0.1694907,2.18130445e-05,11.48102,16862.6
193700,0.1733976,2.17570132e-05,11.48186,16870.1
193800,0.1717191,2.17018563e-05,11.48233,16878.1
193900,0.1718277,2.1647563e-05,11.48247,16886.6
194000,0.1704957,2.15941495e-05,11.48265,16895.1
194100,0.1722154,2.15415996e-05,11.48280,16903.5
194200,0.1724405,2.14899296e-05,11.48294,16912.0
194300,0.1728233,2.14391339e-05,11.48306,16920.6
194400,0.1716093,2.13892126e-05,11.48373,16928.3
194500,0.1728787,2.13401604e-05,11.48430,16936.2
194600,0.1704249,2.12919879e-05,11.48481,16944.1
194700,0.1740505,2.12446845e-05,11.48536,16952.0
194800,0.1734130,2.11982661e-05,11.48584,16960.0
194900,0.1727264,2.11527169e-05,11.48609,16968.3
195000,0.1711348,2.11080474e-05,11.48624,16976.8
195100,0.1710582,2.10642576e-05,11.48640,16985.3
195200,0.1708317,2.10213423e-05,11.48656,16993.8
195300,0.1690762,2.09793067e-05,11.48670,17002.3
195400,0.1711799,2.09381509e-05,11.48679,17010.8
195500,0.1720698,2.08978695e-05,11.48715,17019.0
195600,0.1714546,2.08584732e-05,11.48773,17026.9
195700,0.1709100,2.08199513e-05,11.48786,17035.4
195800,0.1730836,2.07823145e-05,11.48822,17043.5
195900,0.1725569,2.07455575e-05,11.48837,17052.0
196000,0.1719178,2.0709675e-05,11.48882,17060.1
196100,0.1702625,2.06746775e-05,11.48896,17068.6
196200,0.1708368,2.06405652e-05,11.48906,17077.1
196300,0.1701061,2.06073326e-05,11.48915,17085.7
196400,0.1732475,2.05749851e-05,11.48933,17094.1
196500,0.1743980,2.05435121e-05,11.48954,17102.5
196600,0.1731123,2.05129296e-05,11.48979,17110.8
196700,0.1719574,2.04832268e-05,11.49041,17118.6
196800,0.1722945,2.04544091e-05,11.49106,17126.4
196900,0.1713192,2.04264766e-05,11.49166,17134.2
197000,0.1704504,2.03994238e-05,11.49215,17142.1
197100,0.1718599,2.03732562e-05,11.49277,17149.9
197200,0.1716385,2.03479791e-05,11.49323,17157.9
197300,0.1716747,2.03235817e-05,11.49375,17165.9
197400,0.1739739,2.03000695e-05,11.49439,17173.6
197500,0.1709706,2.02774423e-05,11.49491,17181.5
197600,0.1749445,2.02557003e-05,11.49534,17189.6
197700,0.1725538,2.02348435e-05,11.49606,17197.2
197800,0.1741794,2.02148771e-05,11.49660,17205.1
197900,0.1732494,2.01957905e-05,11.49722,17212.9
198000,0.1725738,2.01775944e-05,11.49789,17220.6
198100,0.1750402,2.01602834e-05,11.49838,17228.5
198200,0.1769437,2.0143863e-05,11.49884,17236.5
198300,0.1764046,2.01283222e-05,11.49940,17244.4
198400,0.1745464,2.0113672e-05,11.49987,17252.4
198500,0.1753765,2.00999123e-05,11.50043,17260.2
198600,0.1747728,2.00870377e-05,11.50097,17268.1
198700,0.1763523,2.00750482e-05,11.50148,17276.0
198800,0.1806823,2.00639492e-05,11.50217,17283.7
198900,0.1816864,2.00537354e-05,11.50270,17291.6
199000,0.1852016,2.0044412e-05,11.50344,17299.2
199100,0.1865231,2.00359738e-05,11.50392,17307.1
199200,0.1831560,2.00284207e-05,11.50446,17315.0
199300,0.1838734,2.00217634e-05,11.50510,17322.7
199400,0.1907445,2.0015986e-05,11.50571,17330.5
199500,0.1902472,2.00111043e-05,11.50610,17338.6
199600,0.1942499,2.00071079e-05,11.50659,17346.6
199700,0.2044954,2.00039965e-05,11.50696,17354.7
199800,0.2244492,2.00017756e-05,11.50754,17362.5
199900,0.2024885,2.00004452e-05,11.50782,17370.8
200000,0.2012762,2e-05,11.50820,17378.9
